"year","team","conference","division","rating","ranking"
2015,"Alabama","SEC","West",27.2659470070047,1
2015,"Oklahoma","Big 12",NA,23.1466056128489,2
2015,"Clemson","ACC","Atlantic",22.2760068702281,3
2015,"Ohio St.","Big Ten","East",21.8989149206591,4
2015,"Stanford","Pac-12","North",20.585950973134,5
2015,"North Carolina","ACC","Coastal",19.2278058735143,6
2015,"Ole Miss","SEC","West",18.0723568264483,7
2015,"Baylor","Big 12",NA,17.7603748716049,8
2015,"Tennessee","SEC","East",17.7046430943215,9
2015,"Notre Dame","FBS Independents",NA,17.4994173052319,10
2015,"Michigan","Big Ten","East",17.4946482715583,11
2015,"LSU","SEC","West",16.2060875847201,12
2015,"Florida St.","ACC","Atlantic",15.8269423979596,13
2015,"Mississippi St.","SEC","West",15.5265206474818,14
2015,"Arkansas","SEC","West",15.149481233146,15
2015,"TCU","Big 12",NA,14.7416480641437,16
2015,"Houston","American Athletic","West",14.2543814573079,17
2015,"Michigan St.","Big Ten","East",13.994082868839,18
2015,"Washington","Pac-12","North",13.71575588566,19
2015,"USC","Pac-12","South",13.5912770186518,20
2015,"Navy","American Athletic","West",13.4515897936415,21
2015,"Oregon","Pac-12","North",12.2548305118523,22
2015,"Utah","Pac-12","South",11.7968071558943,23
2015,"Texas A&M","SEC","West",11.2783358644829,24
2015,"Iowa","Big Ten","West",11.0779205317785,25
2015,"West Virginia","Big 12",NA,11.026602576398,26
2015,"California","Pac-12","North",11.0230457334804,27
2015,"Georgia","SEC","East",10.2984499074567,28
2015,"Toledo","Mid-American","West",10.2224114697501,29
2015,"Oklahoma St.","Big 12",NA,10.0235294910944,30
2015,"Wisconsin","Big Ten","West",9.97993136314548,31
2015,"UCLA","Pac-12","South",9.91018712229132,32
2015,"Western Kentucky","Conference USA","East",9.73256022006644,33
2015,"Florida","SEC","East",9.68847657366009,34
2015,"Memphis","American Athletic","West",9.2636018724733,35
2015,"Auburn","SEC","West",9.14382008427567,36
2015,"Pittsburgh","ACC","Coastal",8.87754937021065,37
2015,"Bowling Green","Mid-American","East",8.51182234229012,38
2015,"BYU","FBS Independents",NA,8.4436448767229,39
2015,"South Florida","American Athletic","East",8.37329298974868,40
2015,"Louisville","ACC","Atlantic",8.3355461906136,41
2015,"Boise St.","Mountain West","Mountain",8.12012179067921,42
2015,"Washington St.","Pac-12","North",7.98488687736938,43
2015,"Temple","American Athletic","East",7.37355045865079,44
2015,"Arizona St.","Pac-12","South",6.94629706149139,45
2015,"Virginia Tech","ACC","Coastal",6.8607080541413,46
2015,"NC St.","ACC","Atlantic",6.70008908332852,47
2015,"Nebraska","Big Ten","West",6.59782900989133,48
2015,"San Diego St.","Mountain West","West",6.16823397113862,49
2015,"Texas Tech","Big 12",NA,5.21154931842337,50
2015,"Miami (FL)","ACC","Coastal",5.0552088539897,51
2015,"Georgia Tech","ACC","Coastal",4.58016949956922,52
2015,"Penn St.","Big Ten","East",4.32280826110446,53
2015,"Western Michigan","Mid-American","West",4.30501194699236,54
2015,"Georgia Southern","Sun Belt","West",4.01968268703405,55
2015,"Duke","ACC","Coastal",3.0062694715718,56
2015,"Northwestern","Big Ten","West",2.98759575957758,57
2015,"App St.","Sun Belt","West",2.39807280683162,58
2015,"Texas","Big 12",NA,2.33301425982335,59
2015,"Indiana","Big Ten","East",2.16595173793002,60
2015,"Kansas St.","Big 12",NA,2.10063097932582,61
2015,"Southern Miss","Conference USA","West",1.81244002463812,62
2015,"East Carolina","American Athletic","East",1.75827982129524,63
2015,"South Carolina","SEC","East",1.37798956356391,64
2015,"Virginia","ACC","Coastal",1.32080597257464,65
2015,"Missouri","SEC","East",0.50136680395747,66
2015,"Air Force","Mountain West","Mountain",0.24472641139128,67
2015,"Minnesota","Big Ten","West",0.201781999579936,68
2015,"Cincinnati","American Athletic","East",0.091991535430207,69
2015,"Boston College","ACC","Atlantic",-0.060634279092536,70
2015,"Arizona","Pac-12","South",-0.094822586744737,71
2015,"Northern Illinois","Mid-American","West",-0.122258431829636,72
2015,"Utah St.","Mountain West","Mountain",-0.176345485593245,73
2015,"Marshall","Conference USA","East",-0.195669254919757,74
2015,"Central Michigan","Mid-American","West",-0.196036450024742,75
2015,"Louisiana Tech","Conference USA","West",-0.27084150971324,76
2015,"Syracuse","ACC","Atlantic",-0.944117833491994,77
2015,"Illinois","Big Ten","West",-1.53655522993228,78
2015,"Vanderbilt","SEC","East",-1.93662274273467,79
2015,"Iowa St.","Big 12",NA,-2.23876673286614,80
2015,"UConn","American Athletic","East",-2.48562821930847,81
2015,"Kentucky","SEC","East",-3.10167880174183,82
2015,"Arkansas St.","Sun Belt","East",-3.15024128903575,83
2015,"Wake Forest","ACC","Atlantic",-3.54494589867856,84
2015,"Middle Tennessee","Conference USA","East",-3.60973167960479,85
2015,"Maryland","Big Ten","East",-3.95461345942925,86
2015,"Colorado","Pac-12","South",-4.5949902555715,87
2015,"Ohio","Mid-American","East",-4.86507735329353,88
2015,"Tulsa","American Athletic","West",-5.32190731813605,89
2015,"Akron","Mid-American","East",-5.4407312706067,90
2015,"San Jose St.","Mountain West","West",-6.88590260518055,91
2015,"Rutgers","Big Ten","East",-7.84672391717348,92
2015,"Colorado St.","Mountain West","Mountain",-8.47068932406335,93
2015,"Purdue","Big Ten","West",-9.21405461978897,94
2015,"Nevada","Mountain West","West",-9.37736907078264,95
2015,"Troy","Sun Belt","East",-9.9391564307653,96
2015,"New Mexico","Mountain West","Mountain",-10.5363511658677,97
2015,"Oregon St.","Pac-12","North",-10.7554184469324,98
2015,"Buffalo","Mid-American","East",-10.8193461916595,99
2015,"Georgia St.","Sun Belt","West",-10.971376793932,100
2015,"Army","FBS Independents",NA,-11.5276817032575,101
2015,"SMU","American Athletic","West",-13.1496548816416,102
2015,"Florida International","Conference USA","East",-13.4754457953469,103
2015,"Florida Atlantic","Conference USA","East",-14.4884586845841,104
2015,"Massachusetts","Mid-American","East",-14.6908239913571,105
2015,"Ball St.","Mid-American","West",-14.8700240114331,106
2015,"UNLV","Mountain West","West",-15.0128808001744,107
2015,"South Alabama","Sun Belt","East",-17.5936825050804,108
2015,"Kent St.","Mid-American","East",-17.872908949112,109
2015,"Fresno St.","Mountain West","West",-17.8996166802403,110
2015,"Rice","Conference USA","West",-18.0277448650865,111
2015,"Idaho","Sun Belt",NA,-18.682904715597,112
2015,"Kansas","Big 12",NA,-18.7707212367185,113
2015,"Tulane","American Athletic","West",-18.8672995816173,114
2015,"Louisiana","Sun Belt","East",-18.8805711531117,115
2015,"Wyoming","Mountain West","Mountain",-18.8806784070446,116
2015,"UTSA","Conference USA","West",-18.9049041962748,117
2015,"Miami (OH)","Mid-American","East",-19.2937745100585,118
2015,"UCF","American Athletic","East",-20.9849858286616,119
2015,"Old Dominion","Conference USA","East",-21.5699240868877,120
2015,"Hawai'i","Mountain West","West",-21.6983654384448,121
2015,"New Mexico St.","Sun Belt",NA,-22.341279017984,122
2015,"UTEP","Conference USA","West",-22.4398948824401,123
2015,"Eastern Michigan","Mid-American","West",-22.5298684884197,124
2015,"Texas St.","Sun Belt","East",-22.7901647316669,125
2015,"North Texas","Conference USA","West",-24.4337161271706,126
2015,"UL Monroe","Sun Belt","East",-24.9852031405345,127
2015,"Charlotte","Conference USA","East",-27.8780857886445,128
2016,"Alabama","SEC","West",33.5909660546146,1
2016,"Washington","Pac-12","North",27.2880505579715,2
2016,"Clemson","ACC","Atlantic",25.2604080772959,3
2016,"Michigan","Big Ten","East",24.0916014083985,4
2016,"Ohio St.","Big Ten","East",23.2929520972127,5
2016,"LSU","SEC","West",21.2080450323098,6
2016,"USC","Pac-12","South",19.3643817199526,7
2016,"Wisconsin","Big Ten","West",17.930120223639,8
2016,"Florida St.","ACC","Atlantic",17.4955221215209,9
2016,"Penn St.","Big Ten","East",17.4879746171228,10
2016,"Louisville","ACC","Atlantic",17.2853109818589,11
2016,"Oklahoma","Big 12",NA,17.2134845290694,12
2016,"Miami (FL)","ACC","Coastal",16.8084437845902,13
2016,"Auburn","SEC","West",16.7907197781429,14
2016,"Washington St.","Pac-12","North",15.4777914064518,15
2016,"Colorado","Pac-12","South",15.2611738154604,16
2016,"Virginia Tech","ACC","Coastal",14.956628450091,17
2016,"Western Michigan","Mid-American","West",13.4793842599415,18
2016,"Stanford","Pac-12","North",12.6886624356549,19
2016,"Oklahoma St.","Big 12",NA,12.4161229292341,20
2016,"Florida","SEC","East",12.3887845408199,21
2016,"Texas A&M","SEC","West",11.4678757205457,22
2016,"Iowa","Big Ten","West",11.0199916533439,23
2016,"Pittsburgh","ACC","Coastal",10.5944254801065,24
2016,"Tennessee","SEC","East",10.4427100326983,25
2016,"West Virginia","Big 12",NA,10.4358013428621,26
2016,"North Carolina","ACC","Coastal",10.2092822804054,27
2016,"Western Kentucky","Conference USA","East",10.0921106819454,28
2016,"Northwestern","Big Ten","West",9.92458732097194,29
2016,"Kansas St.","Big 12",NA,9.71369830781239,30
2016,"Utah","Pac-12","South",9.21966229726325,31
2016,"Minnesota","Big Ten","West",9.04073219302645,32
2016,"Temple","American Athletic","East",7.79586762611985,33
2016,"NC St.","ACC","Atlantic",7.64172867058333,34
2016,"Georgia Tech","ACC","Coastal",7.32200059392706,35
2016,"BYU","FBS Independents",NA,7.31924800603024,36
2016,"South Florida","American Athletic","East",7.20727313797873,37
2016,"Boise St.","Mountain West","Mountain",6.94901988885047,38
2016,"Nebraska","Big Ten","West",6.87178032436094,39
2016,"Notre Dame","FBS Independents",NA,6.44617550300473,40
2016,"Ole Miss","SEC","West",6.10582640632454,41
2016,"Tulsa","American Athletic","West",5.87904349441916,42
2016,"Houston","American Athletic","West",5.37204177299931,43
2016,"San Diego St.","Mountain West","West",5.37175144651864,44
2016,"Toledo","Mid-American","West",4.98993693781041,45
2016,"App St.","Sun Belt","West",4.96843286695315,46
2016,"Georgia","SEC","East",4.71899551570444,47
2016,"TCU","Big 12",NA,4.28412900137947,48
2016,"Arkansas","SEC","West",4.1624853910264,49
2016,"Memphis","American Athletic","West",3.97130228592342,50
2016,"Baylor","Big 12",NA,3.85847550240111,51
2016,"Mississippi St.","SEC","West",3.45548517941222,52
2016,"UCLA","Pac-12","South",3.42025145565521,53
2016,"Vanderbilt","SEC","East",2.6184920489754,54
2016,"Texas","Big 12",NA,2.59769625975196,55
2016,"Navy","American Athletic","West",2.4539236509197,56
2016,"Oregon","Pac-12","North",2.2041742780277,57
2016,"California","Pac-12","North",1.97095066689327,58
2016,"Oregon St.","Pac-12","North",1.60151542799765,59
2016,"Troy","Sun Belt","East",1.56028526728434,60
2016,"Louisiana Tech","Conference USA","West",1.54401530221678,61
2016,"Air Force","Mountain West","Mountain",1.24413167042028,62
2016,"Colorado St.","Mountain West","Mountain",1.16686300007913,63
2016,"Michigan St.","Big Ten","East",1.14983646863316,64
2016,"Texas Tech","Big 12",NA,1.00437796529513,65
2016,"Indiana","Big Ten","East",0.964736595035601,66
2016,"Kentucky","SEC","East",0.250433351991331,67
2016,"Wake Forest","ACC","Atlantic",0.229473491449829,68
2016,"Maryland","Big Ten","East",-0.782979072147935,69
2016,"Duke","ACC","Coastal",-0.983639864705779,70
2016,"UCF","American Athletic","East",-1.15978341223176,71
2016,"Arkansas St.","Sun Belt","East",-1.1979580664355,72
2016,"Iowa St.","Big 12",NA,-1.71218230642298,73
2016,"Wyoming","Mountain West","Mountain",-1.90093717178037,74
2016,"Arizona St.","Pac-12","South",-2.14001802841997,75
2016,"Boston College","ACC","Atlantic",-2.39562977344233,76
2016,"South Carolina","SEC","East",-2.83243258319577,77
2016,"Northern Illinois","Mid-American","West",-3.17398896545236,78
2016,"Missouri","SEC","East",-3.61081264315853,79
2016,"Idaho","Sun Belt",NA,-4.14721652641567,80
2016,"Old Dominion","Conference USA","East",-4.1842763802168,81
2016,"Ohio","Mid-American","East",-4.57662325532245,82
2016,"Arizona","Pac-12","South",-4.90379928728076,83
2016,"Army","FBS Independents",NA,-5.23833283288768,84
2016,"New Mexico","Mountain West","Mountain",-5.3497250531459,85
2016,"Virginia","ACC","Coastal",-5.35803356528149,86
2016,"Syracuse","ACC","Atlantic",-6.88623754801191,87
2016,"Miami (OH)","Mid-American","East",-7.07463989628732,88
2016,"UTSA","Conference USA","West",-7.34721318830964,89
2016,"Georgia Southern","Sun Belt","West",-7.81579865860589,90
2016,"SMU","American Athletic","West",-8.33634219854246,91
2016,"Eastern Michigan","Mid-American","West",-8.72409398985751,92
2016,"Southern Miss","Conference USA","West",-8.77826627781831,93
2016,"Central Michigan","Mid-American","West",-9.09453952526874,94
2016,"Utah St.","Mountain West","Mountain",-9.29726200658449,95
2016,"Middle Tennessee","Conference USA","East",-9.3881597580781,96
2016,"Louisiana","Sun Belt","East",-9.84118661985666,97
2016,"South Alabama","Sun Belt","East",-10.0200896883735,98
2016,"Illinois","Big Ten","West",-10.0826285377318,99
2016,"Tulane","American Athletic","West",-10.3280185906873,100
2016,"Kent St.","Mid-American","East",-10.5037917058314,101
2016,"Rutgers","Big Ten","East",-10.943587006571,102
2016,"Hawai'i","Mountain West","West",-11.4425112541058,103
2016,"Akron","Mid-American","East",-11.6409521720859,104
2016,"Cincinnati","American Athletic","East",-11.684403612296,105
2016,"Ball St.","Mid-American","West",-12.2033638339111,106
2016,"Purdue","Big Ten","West",-12.6826430411991,107
2016,"Bowling Green","Mid-American","East",-12.7386297164621,108
2016,"East Carolina","American Athletic","East",-13.1862205404302,109
2016,"Nevada","Mountain West","West",-13.6989851585147,110
2016,"Georgia St.","Sun Belt","West",-14.6389784933595,111
2016,"UNLV","Mountain West","West",-15.2844267126864,112
2016,"Kansas","Big 12",NA,-15.6630652216379,113
2016,"North Texas","Conference USA","West",-16.5075815249903,114
2016,"Massachusetts","FBS Independents",NA,-17.0026154201823,115
2016,"San Jose St.","Mountain West","West",-17.2147176401644,116
2016,"UConn","American Athletic","East",-17.4699291685785,117
2016,"New Mexico St.","Sun Belt",NA,-18.5960332199423,118
2016,"Florida International","Conference USA","East",-19.1137193361212,119
2016,"Charlotte","Conference USA","East",-19.6006376881824,120
2016,"UL Monroe","Sun Belt","East",-19.6154685511281,121
2016,"Marshall","Conference USA","East",-20.0244313143606,122
2016,"Florida Atlantic","Conference USA","East",-20.0269984643843,123
2016,"Fresno St.","Mountain West","West",-20.5376723544043,124
2016,"Rice","Conference USA","West",-20.6010344688383,125
2016,"UTEP","Conference USA","West",-21.2956131028673,126
2016,"Buffalo","Mid-American","East",-22.7968684591142,127
2016,"Texas St.","Sun Belt","East",-29.2318381303815,128
2017,"Georgia","SEC","East",27.0164531385255,1
2017,"Alabama","SEC","West",26.3060179322481,2
2017,"Clemson","ACC","Atlantic",25.9111063647982,3
2017,"Penn St.","Big Ten","East",25.5987528157465,4
2017,"Ohio St.","Big Ten","East",25.5778370246385,5
2017,"Wisconsin","Big Ten","West",24.7492194308228,6
2017,"Auburn","SEC","West",23.6191305799199,7
2017,"Oklahoma","Big 12",NA,22.6831040775295,8
2017,"Notre Dame","FBS Independents",NA,21.959653081204,9
2017,"UCF","American Athletic","East",20.6959054358322,10
2017,"Washington","Pac-12","North",20.0662803526103,11
2017,"Oklahoma St.","Big 12",NA,18.425085780182,12
2017,"TCU","Big 12",NA,16.7864365163013,13
2017,"Iowa","Big Ten","West",16.2756896302117,14
2017,"Miami (FL)","ACC","Coastal",15.8091999269009,15
2017,"Virginia Tech","ACC","Coastal",14.813382014659,16
2017,"Iowa St.","Big 12",NA,14.2790223637207,17
2017,"Mississippi St.","SEC","West",14.0870176819688,18
2017,"Wake Forest","ACC","Atlantic",13.7873319551826,19
2017,"NC St.","ACC","Atlantic",13.6723026611975,20
2017,"Louisville","ACC","Atlantic",13.2800344564996,21
2017,"Northwestern","Big Ten","West",13.1430488250108,22
2017,"Michigan","Big Ten","East",12.9120986672868,23
2017,"Michigan St.","Big Ten","East",12.785506440005,24
2017,"Stanford","Pac-12","North",12.5403389470165,25
2017,"LSU","SEC","West",12.064126228206,26
2017,"USC","Pac-12","South",11.8614513068255,27
2017,"Boston College","ACC","Atlantic",11.1763068016829,28
2017,"Texas","Big 12",NA,11.1331117875227,29
2017,"Purdue","Big Ten","West",10.8313399208933,30
2017,"Memphis","American Athletic","West",10.5167012900206,31
2017,"Florida St.","ACC","Atlantic",10.0831350696218,32
2017,"Florida Atlantic","Conference USA","East",9.54547051192018,33
2017,"South Florida","American Athletic","East",8.9384687841088,34
2017,"Georgia Tech","ACC","Coastal",8.6666464681641,35
2017,"Duke","ACC","Coastal",8.34258064029621,36
2017,"Boise St.","Mountain West","Mountain",7.68447172099942,37
2017,"Utah","Pac-12","South",7.3204491486255,38
2017,"South Carolina","SEC","East",7.29522125966418,39
2017,"Kansas St.","Big 12",NA,7.27275434272494,40
2017,"Washington St.","Pac-12","North",6.5577653232264,41
2017,"West Virginia","Big 12",NA,6.50630147216285,42
2017,"Navy","American Athletic","West",6.05995127040955,43
2017,"Indiana","Big Ten","East",5.99142470678407,44
2017,"Texas A&M","SEC","West",5.43885846914921,45
2017,"Missouri","SEC","East",5.33086334455447,46
2017,"Texas Tech","Big 12",NA,4.76658949752651,47
2017,"Oregon","Pac-12","North",4.59333163396184,48
2017,"Pittsburgh","ACC","Coastal",3.89430903036652,49
2017,"Toledo","Mid-American","West",3.83864286873888,50
2017,"Arizona","Pac-12","South",3.41128037170948,51
2017,"Fresno St.","Mountain West","West",3.31817852056457,52
2017,"San Diego St.","Mountain West","West",3.14522315454417,53
2017,"Ohio","Mid-American","East",2.83564605816735,54
2017,"Minnesota","Big Ten","West",2.82346139898999,55
2017,"Houston","American Athletic","West",2.70636856766759,56
2017,"Arizona St.","Pac-12","South",2.58581672689037,57
2017,"California","Pac-12","North",1.94250968331527,58
2017,"Ole Miss","SEC","West",1.62888776088941,59
2017,"App St.","Sun Belt","West",1.59446064798994,60
2017,"Troy","Sun Belt","East",1.24301689477253,61
2017,"Syracuse","ACC","Atlantic",1.02534234907904,62
2017,"Army","FBS Independents",NA,0.874934707123565,63
2017,"UCLA","Pac-12","South",0.804297831536296,64
2017,"Kentucky","SEC","East",0.549817600954807,65
2017,"Northern Illinois","Mid-American","West",-0.143387687415995,66
2017,"Virginia","ACC","Coastal",-0.798333783964875,67
2017,"Maryland","Big Ten","East",-0.839542478780622,68
2017,"Florida","SEC","East",-0.894821131058979,69
2017,"Nebraska","Big Ten","West",-0.915860501685762,70
2017,"Temple","American Athletic","East",-1.58837956154596,71
2017,"SMU","American Athletic","West",-1.96021587452081,72
2017,"North Carolina","ACC","Coastal",-2.27528441097481,73
2017,"Wyoming","Mountain West","Mountain",-2.33538660669602,74
2017,"Colorado St.","Mountain West","Mountain",-2.56529382428112,75
2017,"Marshall","Conference USA","East",-2.65534074964455,76
2017,"Colorado","Pac-12","South",-2.7787592103272,77
2017,"Arkansas St.","Sun Belt","East",-2.91013159634995,78
2017,"Tulane","American Athletic","West",-3.56130432375264,79
2017,"Eastern Michigan","Mid-American","West",-4.22235512147387,80
2017,"Baylor","Big 12",NA,-4.24401443111903,81
2017,"Buffalo","Mid-American","East",-4.2859791396084,82
2017,"Western Michigan","Mid-American","West",-4.37778804624496,83
2017,"Arkansas","SEC","West",-4.73081024990518,84
2017,"Vanderbilt","SEC","East",-5.0582764260831,85
2017,"Utah St.","Mountain West","Mountain",-5.2024435474912,86
2017,"Louisiana Tech","Conference USA","West",-5.27065712930085,87
2017,"Central Michigan","Mid-American","West",-5.55123965582888,88
2017,"Rutgers","Big Ten","East",-6.14533379922621,89
2017,"Tennessee","SEC","East",-7.33428019414813,90
2017,"Air Force","Mountain West","Mountain",-7.83373014581196,91
2017,"North Texas","Conference USA","West",-8.24512910286371,92
2017,"Miami (OH)","Mid-American","East",-8.43381464777958,93
2017,"Tulsa","American Athletic","West",-8.69565062090988,94
2017,"Middle Tennessee","Conference USA","East",-8.84784699875761,95
2017,"Akron","Mid-American","East",-8.90010958104075,96
2017,"UTSA","Conference USA","West",-9.00576320290248,97
2017,"Nevada","Mountain West","West",-9.19169312601915,98
2017,"Southern Miss","Conference USA","West",-9.67398238289108,99
2017,"UNLV","Mountain West","West",-9.85757304019206,100
2017,"Massachusetts","FBS Independents",NA,-10.2791481679134,101
2017,"BYU","FBS Independents",NA,-10.578498435647,102
2017,"Florida International","Conference USA","East",-10.9290355804247,103
2017,"New Mexico St.","Sun Belt",NA,-11.2451848556458,104
2017,"Illinois","Big Ten","West",-11.3841536175125,105
2017,"Georgia St.","Sun Belt","West",-12.5615617114764,106
2017,"Cincinnati","American Athletic","East",-12.582052767938,107
2017,"UL Monroe","Sun Belt","East",-12.7437987384737,108
2017,"UConn","American Athletic","East",-13.523028033366,109
2017,"UAB","Conference USA","West",-13.6410495993802,110
2017,"Bowling Green","Mid-American","East",-14.2654834287816,111
2017,"East Carolina","American Athletic","East",-14.7869214143453,112
2017,"Idaho","Sun Belt",NA,-14.9334981182654,113
2017,"Western Kentucky","Conference USA","East",-14.9641077425108,114
2017,"New Mexico","Mountain West","Mountain",-16.1953209796155,115
2017,"South Alabama","Sun Belt","East",-16.2958488907452,116
2017,"Oregon St.","Pac-12","North",-16.5419833900057,117
2017,"Coastal Carolina","Sun Belt","West",-17.3502876662125,118
2017,"Kansas","Big 12",NA,-17.3733820173736,119
2017,"Georgia Southern","Sun Belt","West",-17.3817188452838,120
2017,"Louisiana","Sun Belt","East",-20.0047772392452,121
2017,"Hawai'i","Mountain West","West",-20.3151412525504,122
2017,"Old Dominion","Conference USA","East",-20.610412699361,123
2017,"Kent St.","Mid-American","East",-22.6896687324436,124
2017,"Rice","Conference USA","West",-24.4422751272538,125
2017,"Texas St.","Sun Belt","East",-25.0089248440515,126
2017,"Charlotte","Conference USA","East",-25.4352243392068,127
2017,"San Jose St.","Mountain West","West",-26.7242165364593,128
2017,"Ball St.","Mid-American","West",-27.915031088187,129
2017,"UTEP","Conference USA","West",-28.9472230820953,130
2018,"Alabama","SEC","West",33.5327042463214,1
2018,"Clemson","ACC","Atlantic",32.7059959299744,2
2018,"Georgia","SEC","East",26.2706652614136,3
2018,"Oklahoma","Big 12",NA,21.3999485607172,4
2018,"Mississippi St.","SEC","West",19.8323291150704,5
2018,"Florida","SEC","East",19.2588532505304,6
2018,"Michigan","Big Ten","East",19.0241409567723,7
2018,"Missouri","SEC","East",18.8779384668495,8
2018,"LSU","SEC","West",18.3332724270277,9
2018,"Ohio St.","Big Ten","East",18.0599350811724,10
2018,"West Virginia","Big 12",NA,17.9429059119813,11
2018,"Texas A&M","SEC","West",17.932921991502,12
2018,"Notre Dame","FBS Independents",NA,17.7430716435744,13
2018,"Iowa","Big Ten","West",15.3671837226169,14
2018,"Auburn","SEC","West",15.0330922527981,15
2018,"Penn St.","Big Ten","East",14.9092181850175,16
2018,"UCF","American Athletic","East",14.8573048889344,17
2018,"Kentucky","SEC","East",14.6950441413547,18
2018,"Utah St.","Mountain West","Mountain",13.9033400339094,19
2018,"Washington St.","Pac-12","North",12.9467511875473,20
2018,"Fresno St.","Mountain West","West",12.7978845268557,21
2018,"Washington","Pac-12","North",12.1724690722356,22
2018,"Syracuse","ACC","Atlantic",12.105286915107,23
2018,"Texas","Big 12",NA,12.0982617584398,24
2018,"Iowa St.","Big 12",NA,11.352222118128,25
2018,"App St.","Sun Belt","West",10.6563299032509,26
2018,"Utah","Pac-12","South",10.5676810732455,27
2018,"Vanderbilt","SEC","East",9.92576388347224,28
2018,"South Carolina","SEC","East",9.65238257014932,29
2018,"Oklahoma St.","Big 12",NA,9.564103228225,30
2018,"Army","FBS Independents",NA,9.50839781189653,31
2018,"Boise St.","Mountain West","Mountain",9.3240336559705,32
2018,"Wisconsin","Big Ten","West",8.8010659826997,33
2018,"Stanford","Pac-12","North",8.25699518642176,34
2018,"NC St.","ACC","Atlantic",7.87620574495056,35
2018,"Virginia","ACC","Coastal",7.6330925270792,36
2018,"Purdue","Big Ten","West",7.62325096218693,37
2018,"Ohio","Mid-American","East",7.37917048107857,38
2018,"Cincinnati","American Athletic","East",7.34008522125488,39
2018,"Texas Tech","Big 12",NA,7.2642034290667,40
2018,"Miami (FL)","ACC","Coastal",6.89100899434925,41
2018,"Duke","ACC","Coastal",6.36280865238864,42
2018,"Northwestern","Big Ten","West",6.34600890131443,43
2018,"Michigan St.","Big Ten","East",6.20117821309371,44
2018,"Pittsburgh","ACC","Coastal",5.81404423660701,45
2018,"Minnesota","Big Ten","West",5.50261574323855,46
2018,"Boston College","ACC","Atlantic",5.26657166104899,47
2018,"Oregon","Pac-12","North",5.16856110077245,48
2018,"Arizona St.","Pac-12","South",4.39687039925173,49
2018,"TCU","Big 12",NA,4.32844794930985,50
2018,"Maryland","Big Ten","East",3.96216867686133,51
2018,"Kansas St.","Big 12",NA,3.90194431893174,52
2018,"Temple","American Athletic","East",3.70047287070817,53
2018,"Ole Miss","SEC","West",3.45816331017397,54
2018,"Georgia Tech","ACC","Coastal",3.43042231678247,55
2018,"BYU","FBS Independents",NA,3.23929559980626,56
2018,"Baylor","Big 12",NA,2.63689040369011,57
2018,"Nebraska","Big Ten","West",2.51308492847771,58
2018,"Indiana","Big Ten","East",1.54505355943428,59
2018,"USC","Pac-12","South",1.28241750968645,60
2018,"Memphis","American Athletic","West",1.15728542679805,61
2018,"Tennessee","SEC","East",0.934055289857118,62
2018,"Wake Forest","ACC","Atlantic",0.82901143780098,63
2018,"UAB","Conference USA","West",0.647755822815336,64
2018,"Buffalo","Mid-American","East",0.493405803898169,65
2018,"California","Pac-12","North",0.309442121162968,66
2018,"Georgia Southern","Sun Belt","West",-0.405632803575051,67
2018,"Middle Tennessee","Conference USA","East",-0.858745453506089,68
2018,"Houston","American Athletic","West",-1.06325090018473,69
2018,"Kansas","Big 12",NA,-1.21339893967841,70
2018,"Troy","Sun Belt","East",-1.35254281412702,71
2018,"Toledo","Mid-American","West",-1.58113617237025,72
2018,"Marshall","Conference USA","East",-1.58849348533,73
2018,"Air Force","Mountain West","Mountain",-1.79067775241451,74
2018,"Miami (OH)","Mid-American","East",-2.1978689827172,75
2018,"North Texas","Conference USA","West",-2.28023620818942,76
2018,"Colorado","Pac-12","South",-2.40756980016403,77
2018,"Wyoming","Mountain West","Mountain",-2.42107187652821,78
2018,"Virginia Tech","ACC","Coastal",-2.64869223882288,79
2018,"Arizona","Pac-12","South",-2.77840955815168,80
2018,"Arkansas St.","Sun Belt","East",-2.78315571389982,81
2018,"Florida St.","ACC","Atlantic",-2.80733525166506,82
2018,"Eastern Michigan","Mid-American","West",-3.39013326876502,83
2018,"Florida International","Conference USA","East",-3.41905684586853,84
2018,"Nevada","Mountain West","West",-3.90137750083293,85
2018,"UCLA","Pac-12","South",-3.95780204889263,86
2018,"Florida Atlantic","Conference USA","East",-4.03334750521993,87
2018,"Northern Illinois","Mid-American","West",-4.45948076547742,88
2018,"San Diego St.","Mountain West","West",-4.81466267622986,89
2018,"Tulane","American Athletic","West",-5.35366113742525,90
2018,"North Carolina","ACC","Coastal",-6.49294936271597,91
2018,"Southern Miss","Conference USA","West",-6.77112557272478,92
2018,"Arkansas","SEC","West",-7.15777478158719,93
2018,"Louisiana","Sun Belt","East",-7.43107232004639,94
2018,"Louisiana Tech","Conference USA","West",-7.93638317877828,95
2018,"SMU","American Athletic","West",-9.37508260011845,96
2018,"Navy","American Athletic","West",-9.74060508344726,97
2018,"Hawai'i","Mountain West","West",-10.1206054963731,98
2018,"Western Michigan","Mid-American","West",-10.2607398918127,99
2018,"Liberty","FBS Independents",NA,-10.2638242878996,100
2018,"Illinois","Big Ten","West",-10.5213327355491,101
2018,"UL Monroe","Sun Belt","East",-10.9141068810248,102
2018,"South Florida","American Athletic","East",-10.9742818603665,103
2018,"Tulsa","American Athletic","West",-11.9906009780174,104
2018,"Charlotte","Conference USA","East",-12.1731256401174,105
2018,"Rutgers","Big Ten","East",-12.8899834922041,106
2018,"San Jose St.","Mountain West","West",-14.0968213143407,107
2018,"Akron","Mid-American","East",-14.5105761133114,108
2018,"UNLV","Mountain West","West",-14.7413804642979,109
2018,"Colorado St.","Mountain West","Mountain",-14.8908711044675,110
2018,"Western Kentucky","Conference USA","East",-15.2007234236182,111
2018,"New Mexico","Mountain West","Mountain",-15.3899105673124,112
2018,"Louisville","ACC","Atlantic",-15.4485203413512,113
2018,"East Carolina","American Athletic","East",-15.7031128967639,114
2018,"Coastal Carolina","Sun Belt","West",-15.8533270971039,115
2018,"Oregon St.","Pac-12","North",-16.0449013818998,116
2018,"Ball St.","Mid-American","West",-16.4331010167549,117
2018,"Massachusetts","FBS Independents",NA,-18.3943967516993,118
2018,"Old Dominion","Conference USA","East",-18.8766340192483,119
2018,"Central Michigan","Mid-American","West",-18.946332522748,120
2018,"Kent St.","Mid-American","East",-19.3949918408822,121
2018,"Georgia St.","Sun Belt","West",-19.4180001852797,122
2018,"Texas St.","Sun Belt","East",-19.7872455914861,123
2018,"Bowling Green","Mid-American","East",-20.9507197404044,124
2018,"New Mexico St.","FBS Independents",NA,-21.6928522780343,125
2018,"UTSA","Conference USA","West",-21.7845260267007,126
2018,"South Alabama","Sun Belt","East",-22.1441588947061,127
2018,"Rice","Conference USA","West",-23.9736162263957,128
2018,"UTEP","Conference USA","West",-24.7416161563248,129
2018,"UConn","American Athletic","East",-27.9048187371084,130
2019,"LSU","SEC","West",34.190488393092,1
2019,"Ohio St.","Big Ten","East",32.7805589509572,2
2019,"Alabama","SEC","West",28.8471354077853,3
2019,"Clemson","ACC","Atlantic",28.6333665588542,4
2019,"Auburn","SEC","West",22.0979621711972,5
2019,"Georgia","SEC","East",21.7080707239678,6
2019,"Oregon","Pac-12","North",20.9534920860063,7
2019,"Oklahoma","Big 12",NA,20.0669936165283,8
2019,"Penn St.","Big Ten","East",19.9825139334961,9
2019,"Wisconsin","Big Ten","West",19.8835063272648,10
2019,"Florida","SEC","East",19.8157293741929,11
2019,"Utah","Pac-12","South",18.8141079482363,12
2019,"Notre Dame","FBS Independents",NA,18.8069051499439,13
2019,"Michigan","Big Ten","East",18.0934383490598,14
2019,"Texas","Big 12",NA,15.9715403557231,15
2019,"Iowa","Big Ten","West",15.7369192549828,16
2019,"Washington","Pac-12","North",15.6389857367824,17
2019,"Minnesota","Big Ten","West",15.201015944865,18
2019,"Baylor","Big 12",NA,14.6776936441665,19
2019,"Memphis","American Athletic","West",14.4105350268685,20
2019,"Iowa St.","Big 12",NA,13.6365484787066,21
2019,"UCF","American Athletic","East",13.2815235657011,22
2019,"Navy","American Athletic","West",12.902487989567,23
2019,"Texas A&M","SEC","West",12.0703178880482,24
2019,"App St.","Sun Belt","West",11.49428224091,25
2019,"Oklahoma St.","Big 12",NA,10.7794080025893,26
2019,"Kansas St.","Big 12",NA,10.3885375186749,27
2019,"Air Force","Mountain West","Mountain",10.1848820707413,28
2019,"TCU","Big 12",NA,9.61554519755423,29
2019,"USC","Pac-12","South",9.48801154954635,30
2019,"Cincinnati","American Athletic","East",8.91577054764879,31
2019,"Boise St.","Mountain West","Mountain",8.8630038098182,32
2019,"Florida Atlantic","Conference USA","East",8.14725637914066,33
2019,"Louisiana","Sun Belt","East",7.73557326547729,34
2019,"North Carolina","ACC","Coastal",7.70020704989305,35
2019,"SMU","American Athletic","West",7.66547556586291,36
2019,"Indiana","Big Ten","East",6.75594075564415,37
2019,"Washington St.","Pac-12","North",6.6872375695115,38
2019,"Ole Miss","SEC","West",6.5414407255494,39
2019,"Virginia","ACC","Coastal",6.32897286307757,40
2019,"Arizona St.","Pac-12","South",5.7264481097762,41
2019,"Kentucky","SEC","East",5.56595823986507,42
2019,"Michigan St.","Big Ten","East",5.13204888707473,43
2019,"Mississippi St.","SEC","West",4.95551011615039,44
2019,"Tulane","American Athletic","West",4.66752134173868,45
2019,"Virginia Tech","ACC","Coastal",4.52435830436928,46
2019,"Missouri","SEC","East",4.42704584952078,47
2019,"California","Pac-12","North",4.22459267942796,48
2019,"Tennessee","SEC","East",3.47974874173137,49
2019,"Nebraska","Big Ten","West",3.22652001650201,50
2019,"Oregon St.","Pac-12","North",2.96911413042638,51
2019,"Wyoming","Mountain West","Mountain",2.53874839032514,52
2019,"Texas Tech","Big 12",NA,2.34908425964726,53
2019,"South Carolina","SEC","East",2.05706476931039,54
2019,"San Diego St.","Mountain West","West",1.70127521494756,55
2019,"Miami (FL)","ACC","Coastal",1.05635215855028,56
2019,"Wake Forest","ACC","Atlantic",0.56055813753928,57
2019,"Florida St.","ACC","Atlantic",0.175508818163483,58
2019,"Louisville","ACC","Atlantic",0.0896302208728734,59
2019,"Western Kentucky","Conference USA","East",-0.035878249679504,60
2019,"Houston","American Athletic","West",-0.133536026187489,61
2019,"Tulsa","American Athletic","West",-0.13469807580217,62
2019,"Illinois","Big Ten","West",-0.433716799395963,63
2019,"Purdue","Big Ten","West",-0.506503286200189,64
2019,"Pittsburgh","ACC","Coastal",-0.512775642268727,65
2019,"Buffalo","Mid-American","East",-0.968277285649364,66
2019,"Georgia Southern","Sun Belt","West",-0.992513817782303,67
2019,"BYU","FBS Independents",NA,-0.994033827030879,68
2019,"UCLA","Pac-12","South",-1.49285755198923,69
2019,"West Virginia","Big 12",NA,-1.65326365586264,70
2019,"Stanford","Pac-12","North",-1.93369479467345,71
2019,"Colorado","Pac-12","South",-2.16653795890312,72
2019,"Duke","ACC","Coastal",-2.24152948672034,73
2019,"Hawai'i","Mountain West","West",-2.32985511463356,74
2019,"Louisiana Tech","Conference USA","West",-2.6345215535332,75
2019,"Temple","American Athletic","East",-2.70400330768599,76
2019,"Boston College","ACC","Atlantic",-2.930569849568,77
2019,"Northwestern","Big Ten","West",-3.18719525619147,78
2019,"Western Michigan","Mid-American","West",-4.47798514699649,79
2019,"Fresno St.","Mountain West","West",-4.562567452113,80
2019,"Ohio","Mid-American","East",-4.65826860635346,81
2019,"Marshall","Conference USA","East",-4.73135639816282,82
2019,"Southern Miss","Conference USA","West",-4.92522683530198,83
2019,"Ball St.","Mid-American","West",-4.92882063627341,84
2019,"Kansas","Big 12",NA,-5.10451732673936,85
2019,"Utah St.","Mountain West","Mountain",-5.31912166138565,86
2019,"Arizona","Pac-12","South",-5.40760923634348,87
2019,"Arkansas St.","Sun Belt","East",-5.56946301077343,88
2019,"Maryland","Big Ten","East",-5.61821208260241,89
2019,"Army","FBS Independents",NA,-5.82356546170199,90
2019,"Central Michigan","Mid-American","West",-6.31056022647799,91
2019,"Syracuse","ACC","Atlantic",-6.54734148156173,92
2019,"Liberty","FBS Independents",NA,-6.70496801359241,93
2019,"Miami (OH)","Mid-American","East",-6.96885315720611,94
2019,"Kent St.","Mid-American","East",-7.15973160384283,95
2019,"San Jose St.","Mountain West","West",-7.5458893056516,96
2019,"Arkansas","SEC","West",-7.61544434318696,97
2019,"Middle Tennessee","Conference USA","East",-7.62081411489303,98
2019,"UAB","Conference USA","West",-7.93476463878105,99
2019,"South Florida","American Athletic","East",-8.30344346112474,100
2019,"UL Monroe","Sun Belt","East",-8.99626427272955,101
2019,"Eastern Michigan","Mid-American","West",-9.34914397174972,102
2019,"Troy","Sun Belt","East",-9.62639900880947,103
2019,"Colorado St.","Mountain West","Mountain",-9.88397901093365,104
2019,"Charlotte","Conference USA","East",-10.3141019386457,105
2019,"Georgia St.","Sun Belt","West",-10.332522257494,106
2019,"Georgia Tech","ACC","Coastal",-10.8003821863589,107
2019,"Coastal Carolina","Sun Belt","West",-11.0512081622924,108
2019,"Florida International","Conference USA","East",-11.4584116326066,109
2019,"North Texas","Conference USA","West",-11.7634565566406,110
2019,"NC St.","ACC","Atlantic",-11.9937798108604,111
2019,"Vanderbilt","SEC","East",-12.6141496123544,112
2019,"Nevada","Mountain West","West",-12.6267271141671,113
2019,"Rice","Conference USA","West",-13.4960798986601,114
2019,"Northern Illinois","Mid-American","West",-14.5149803158615,115
2019,"East Carolina","American Athletic","East",-15.2304708951631,116
2019,"Toledo","Mid-American","West",-16.1869212944438,117
2019,"UNLV","Mountain West","West",-16.5197089510661,118
2019,"Rutgers","Big Ten","East",-16.7145216707776,119
2019,"South Alabama","Sun Belt","East",-17.2125553365351,120
2019,"New Mexico","Mountain West","Mountain",-17.6413769450037,121
2019,"Texas St.","Sun Belt","East",-18.7530922452737,122
2019,"Old Dominion","Conference USA","East",-19.7657550858911,123
2019,"New Mexico St.","FBS Independents",NA,-20.0381455955055,124
2019,"UTSA","Conference USA","West",-21.0980956234575,125
2019,"UConn","American Athletic","East",-23.1682868790464,126
2019,"UTEP","Conference USA","West",-28.1309497388774,127
2019,"Bowling Green","Mid-American","East",-28.5345804539312,128
2019,"Akron","Mid-American","East",-34.7107087873593,129
2019,"Massachusetts","FBS Independents",NA,-40.5692293802525,130
2020,"Alabama","SEC","West",31.0582224833045,1
2020,"Ohio St.","Big Ten","East",21.595129008065,2
2020,"Oklahoma","Big 12",NA,20.1806726475008,3
2020,"BYU","FBS Independents",NA,19.6318480224631,4
2020,"Georgia","SEC","East",18.8521192451951,5
2020,"Florida","SEC","East",16.2069007886935,6
2020,"Iowa","Big Ten","West",15.9286736038448,7
2020,"Texas A&M","SEC","West",14.2574948557961,8
2020,"Iowa St.","Big 12",NA,14.2052460686979,9
2020,"Coastal Carolina","Sun Belt","West",13.8720465068665,10
2020,"Texas","Big 12",NA,13.2779663603268,11
2020,"Indiana","Big Ten","East",13.2346175522193,12
2020,"Northwestern","Big Ten","West",12.2109531677404,13
2020,"Oklahoma St.","Big 12",NA,9.57416522631929,14
2020,"Wisconsin","Big Ten","West",9.5036900588794,15
2020,"Louisiana","Sun Belt","East",9.01024768626245,16
2020,"San Jose St.","Mountain West","West",8.56003648581052,17
2020,"App St.","Sun Belt","West",7.97091235828848,18
2020,"Auburn","SEC","West",7.93960912775621,19
2020,"TCU","Big 12",NA,7.7470153500516,20
2020,"Boise St.","Mountain West","Mountain",7.66188599867004,21
2020,"Ole Miss","SEC","West",6.07206740313876,22
2020,"West Virginia","Big 12",NA,5.94838454507169,23
2020,"Penn St.","Big Ten","East",5.31270627110505,24
2020,"Air Force","Mountain West","Mountain",4.72561499186316,25
2020,"LSU","SEC","West",4.2415153837155,26
2020,"UAB","Conference USA","West",4.07093515746533,27
2020,"Troy","Sun Belt","East",3.98250505970007,28
2020,"Marshall","Conference USA","East",3.9493394802708,29
2020,"Kentucky","SEC","East",3.86821584913361,30
2020,"Arkansas","SEC","West",3.31537466462314,31
2020,"San Diego St.","Mountain West","West",2.83777126547104,32
2020,"Army","FBS Independents",NA,2.47454008115632,33
2020,"Nevada","Mountain West","West",2.14172882260829,34
2020,"Georgia St.","Sun Belt","West",1.86553875047342,35
2020,"Baylor","Big 12",NA,1.81899780170614,36
2020,"Liberty","FBS Independents",NA,1.71255150821555,37
2020,"Mississippi St.","SEC","West",1.62245430432915,38
2020,"Georgia Southern","Sun Belt","West",1.24121821897765,39
2020,"Kansas St.","Big 12",NA,0.990126399320858,40
2020,"Nebraska","Big Ten","West",0.530818685690857,41
2020,"Missouri","SEC","East",0.209266331900879,42
2020,"Minnesota","Big Ten","West",0.110837727455757,43
2020,"Tennessee","SEC","East",-0.305903277598417,44
2020,"Maryland","Big Ten","East",-0.359724894460212,45
2020,"Purdue","Big Ten","West",-0.375781015421765,46
2020,"Wyoming","Mountain West","Mountain",-0.440916754304447,47
2020,"Michigan","Big Ten","East",-0.583582259901984,48
2020,"Texas Tech","Big 12",NA,-1.43100219829385,49
2020,"Rutgers","Big Ten","East",-2.66773919082159,50
2020,"Rice","Conference USA","West",-2.96405409915578,51
2020,"Hawai'i","Mountain West","West",-3.32889076904278,52
2020,"UTSA","Conference USA","West",-3.94989595045029,53
2020,"Michigan St.","Big Ten","East",-4.49560597824984,54
2020,"South Carolina","SEC","East",-5.35681367405963,55
2020,"Fresno St.","Mountain West","West",-6.67384986208882,56
2020,"Arkansas St.","Sun Belt","East",-7.29858762453203,57
2020,"Illinois","Big Ten","West",-7.36823008644087,58
2020,"Florida Atlantic","Conference USA","East",-8.23556081079015,59
2020,"Texas St.","Sun Belt","East",-8.38761137110927,60
2020,"South Alabama","Sun Belt","East",-8.51451684956795,61
2020,"Western Kentucky","Conference USA","East",-10.2483000885282,62
2020,"New Mexico","Mountain West","Mountain",-11.1074271047414,63
2020,"Colorado St.","Mountain West","Mountain",-11.278777338063,64
2020,"Louisiana Tech","Conference USA","West",-11.4728091664937,65
2020,"Middle Tennessee","Conference USA","East",-13.5947022766849,66
2020,"Vanderbilt","SEC","East",-14.4094224483278,67
2020,"Kansas","Big 12",NA,-14.6215941836398,68
2020,"Charlotte","Conference USA","East",-14.798243131477,69
2020,"Southern Miss","Conference USA","West",-14.9519859387936,70
2020,"UTEP","Conference USA","West",-17.1998999203922,71
2020,"Florida International","Conference USA","East",-17.8415029169469,72
2020,"UNLV","Mountain West","West",-19.2340201352576,73
2020,"Utah St.","Mountain West","Mountain",-19.2357126480363,74
2020,"North Texas","Conference USA","West",-19.7938569180364,75
2020,"UL Monroe","Sun Belt","East",-24.4625607162227,76
2020,"Massachusetts","FBS Independents",NA,-26.2081129008315,77
2021,"Georgia","SEC","East",27.8711464766971,1
2021,"Ohio St.","Big Ten","East",20.9946129402791,2
2021,"Alabama","SEC","West",19.5094111580896,3
2021,"Michigan","Big Ten","East",18.2909879311597,4
2021,"Cincinnati","American Athletic","East",16.9037650988633,5
2021,"Oklahoma St.","Big 12",NA,16.4735614324249,6
2021,"Notre Dame","FBS Independents",NA,16.4440354583316,7
2021,"Utah","Pac-12","South",15.3437537992166,8
2021,"Wisconsin","Big Ten","West",13.9972728798988,9
2021,"Penn St.","Big Ten","East",13.9914405455409,10
2021,"NC St.","ACC","Atlantic",13.5258197508163,11
2021,"Wake Forest","ACC","Atlantic",12.5306084092051,12
2021,"Boise St.","Mountain West","Mountain",12.3735666175589,13
2021,"Ole Miss","SEC","West",12.3619755603622,14
2021,"Texas A&M","SEC","West",12.1923011405102,15
2021,"Baylor","Big 12",NA,11.6366478581333,16
2021,"Michigan St.","Big Ten","East",11.1330515495543,17
2021,"Clemson","ACC","Atlantic",11.0881865069755,18
2021,"Pittsburgh","ACC","Coastal",10.7883392015659,19
2021,"Iowa St.","Big 12",NA,10.63231222572,20
2021,"Oregon","Pac-12","North",9.89489730546515,21
2021,"Arkansas","SEC","West",9.73079728162658,22
2021,"Oklahoma","Big 12",NA,9.50965293973782,23
2021,"UCLA","Pac-12","South",9.20284002478498,24
2021,"Kentucky","SEC","East",9.00349456361122,25
2021,"Mississippi St.","SEC","West",8.94316822531443,26
2021,"Air Force","Mountain West","Mountain",8.76477381987055,27
2021,"Kansas St.","Big 12",NA,8.61138128135571,28
2021,"Arizona St.","Pac-12","South",8.58922488416922,29
2021,"Iowa","Big Ten","West",8.58905550678828,30
2021,"Louisville","ACC","Atlantic",8.12405894917859,31
2021,"App St.","Sun Belt","West",7.99280121954618,32
2021,"BYU","FBS Independents",NA,7.97915172840154,33
2021,"Tennessee","SEC","East",7.97569372760924,34
2021,"Purdue","Big Ten","West",7.8906900564198,35
2021,"Houston","American Athletic","West",7.71094151870621,36
2021,"Oregon St.","Pac-12","North",7.53710327029461,37
2021,"Nebraska","Big Ten","West",7.25961800480698,38
2021,"Florida","SEC","East",7.22823883312166,39
2021,"Auburn","SEC","West",7.0793089312993,40
2021,"Minnesota","Big Ten","West",6.81711611622083,41
2021,"UTSA","Conference USA","West",6.36012264372921,42
2021,"Nevada","Mountain West","West",6.30661480982446,43
2021,"SMU","American Athletic","West",6.13641313575091,44
2021,"Louisiana","Sun Belt","East",5.70395978092302,45
2021,"LSU","SEC","West",5.43612454732619,46
2021,"Fresno St.","Mountain West","West",5.24544459211828,47
2021,"San Diego St.","Mountain West","West",5.20877693942039,48
2021,"Western Kentucky","Conference USA","East",4.96113666781958,49
2021,"North Carolina","ACC","Coastal",4.65591883489602,50
2021,"Army","FBS Independents",NA,4.59067081343637,51
2021,"Washington St.","Pac-12","North",4.52579304107122,52
2021,"Florida St.","ACC","Atlantic",4.00581102518507,53
2021,"Texas","Big 12",NA,3.88870869892768,54
2021,"Marshall","Conference USA","East",3.66557152510058,55
2021,"California","Pac-12","North",3.55851743692059,56
2021,"Liberty","FBS Independents",NA,3.40191713027767,57
2021,"Miami (FL)","ACC","Coastal",2.87705381478755,58
2021,"East Carolina","American Athletic","East",2.82302076655413,59
2021,"Coastal Carolina","Sun Belt","West",2.76899730655963,60
2021,"Washington","Pac-12","North",2.30102535514729,61
2021,"Virginia","ACC","Coastal",2.07318958840238,62
2021,"Virginia Tech","ACC","Coastal",1.19208538159387,63
2021,"Syracuse","ACC","Atlantic",1.08712868672734,64
2021,"West Virginia","Big 12",NA,1.06524078044755,65
2021,"UAB","Conference USA","West",0.990967732617596,66
2021,"Boston College","ACC","Atlantic",0.929861336680826,67
2021,"UCF","American Athletic","East",0.756955302229503,68
2021,"Toledo","Mid-American","West",0.419711804949543,69
2021,"USC","Pac-12","South",0.397712947462328,70
2021,"Rutgers","Big Ten","East",0.384102139293429,71
2021,"Utah St.","Mountain West","Mountain",0.355531187685273,72
2021,"South Carolina","SEC","East",0.0338130563649948,73
2021,"Wyoming","Mountain West","Mountain",-0.354679320333741,74
2021,"Colorado St.","Mountain West","Mountain",-0.536981420716023,75
2021,"Illinois","Big Ten","West",-0.942434275770102,76
2021,"Tulsa","American Athletic","West",-1.11872971325673,77
2021,"Texas Tech","Big 12",NA,-1.67855085940846,78
2021,"Miami (OH)","Mid-American","East",-1.92343929827716,79
2021,"Missouri","SEC","East",-2.23304463133508,80
2021,"Stanford","Pac-12","North",-2.65670380809385,81
2021,"TCU","Big 12",NA,-2.81576271463078,82
2021,"Memphis","American Athletic","West",-3.04552705464677,83
2021,"Georgia Tech","ACC","Coastal",-3.60588956177414,84
2021,"Maryland","Big Ten","East",-4.79762843937851,85
2021,"Eastern Michigan","Mid-American","West",-4.87134287586115,86
2021,"Central Michigan","Mid-American","West",-5.25018690753017,87
2021,"Navy","American Athletic","West",-5.54587801424967,88
2021,"Colorado","Pac-12","South",-5.82505198598341,89
2021,"Northern Illinois","Mid-American","West",-5.98861906617672,90
2021,"Georgia St.","Sun Belt","West",-6.62709829353894,91
2021,"Tulane","American Athletic","West",-6.6438660273758,92
2021,"UTEP","Conference USA","West",-6.74589264133982,93
2021,"Indiana","Big Ten","East",-6.87323599438591,94
2021,"Western Michigan","Mid-American","West",-7.04933810628511,95
2021,"Northwestern","Big Ten","West",-7.1568216252589,96
2021,"Ball St.","Mid-American","West",-7.30763616377477,97
2021,"Florida Atlantic","Conference USA","East",-7.61463671690364,98
2021,"Hawai'i","Mountain West","West",-7.7539290233837,99
2021,"Louisiana Tech","Conference USA","West",-7.81405683056821,100
2021,"UNLV","Mountain West","West",-7.91337553060922,101
2021,"Middle Tennessee","Conference USA","East",-8.20188806092576,102
2021,"South Alabama","Sun Belt","East",-8.57934933157397,103
2021,"Old Dominion","Conference USA","East",-9.22575338876818,104
2021,"Arizona","Pac-12","South",-9.24125834080933,105
2021,"San Jose St.","Mountain West","West",-9.94260686835838,106
2021,"Vanderbilt","SEC","East",-10.1859912349201,107
2021,"Troy","Sun Belt","East",-10.4160380094977,108
2021,"South Florida","American Athletic","East",-10.5136226153229,109
2021,"North Texas","Conference USA","West",-12.1288173054957,110
2021,"Kent St.","Mid-American","East",-13.5421194936198,111
2021,"Ohio","Mid-American","East",-13.8111637619329,112
2021,"Buffalo","Mid-American","East",-14.4379484641715,113
2021,"UL Monroe","Sun Belt","East",-14.4478021974178,114
2021,"Georgia Southern","Sun Belt","West",-14.8513087360892,115
2021,"Kansas","Big 12",NA,-14.8591998505978,116
2021,"New Mexico","Mountain West","Mountain",-15.1352466970169,117
2021,"Texas St.","Sun Belt","East",-15.6185679404539,118
2021,"Duke","ACC","Coastal",-15.6189466747982,119
2021,"Rice","Conference USA","West",-15.6228631861716,120
2021,"Charlotte","Conference USA","East",-16.4317560751932,121
2021,"Arkansas St.","Sun Belt","East",-16.8403031664347,122
2021,"Bowling Green","Mid-American","East",-17.7270876108111,123
2021,"Southern Miss","Conference USA","West",-19.0648403831136,124
2021,"Temple","American Athletic","East",-19.6809812448109,125
2021,"Massachusetts","FBS Independents",NA,-19.7045614957482,126
2021,"New Mexico St.","FBS Independents",NA,-20.5864011666485,127
2021,"UConn","FBS Independents",NA,-21.3750192045276,128
2021,"Akron","Mid-American","East",-22.6405792272105,129
2021,"Florida International","Conference USA","East",-27.5023449061759,130
2022,"Georgia","SEC","East",27,1
2022,"Ohio St.","Big Ten","East",22.5,2
2022,"Alabama","SEC","West",21.3,3
2022,"Michigan","Big Ten","East",21.1,4
2022,"Tennessee","SEC","East",19.9,5
2022,"Penn St.","Big Ten","East",18.6,6
2022,"Texas","Big 12",NA,17.1,7
2022,"TCU","Big 12",NA,16.7,8
2022,"Utah","Pac-12",NA,16.6,9
2022,"Kansas St.","Big 12",NA,15.5,10
2022,"LSU","SEC","West",14.8,11
2022,"Oregon St.","Pac-12",NA,14.6,12
2022,"Oregon","Pac-12",NA,14.2,13
2022,"Florida St.","ACC","Atlantic",14.1,14
2022,"Clemson","ACC","Atlantic",13.9,15
2022,"Mississippi St.","SEC","West",13.1,16
2022,"Washington","Pac-12",NA,12,17
2022,"Illinois","Big Ten","West",11.7,18
2022,"USC","Pac-12",NA,11.4,19
2022,"Minnesota","Big Ten","West",10.7,20
2022,"Louisville","ACC","Atlantic",10.6,21
2022,"Tulane","American Athletic",NA,10.5,22
2022,"Oklahoma","Big 12",NA,10.2,23
2022,"Notre Dame","FBS Independents",NA,10,24
2022,"Ole Miss","SEC","West",9.7,25
2022,"Texas Tech","Big 12",NA,9.7,25
2022,"Iowa","Big Ten","West",9.5,27
2022,"Baylor","Big 12",NA,9.2,28
2022,"UCLA","Pac-12",NA,8.4,29
2022,"Iowa St.","Big 12",NA,8,30
2022,"Kansas","Big 12",NA,7.6,31
2022,"Wake Forest","ACC","Atlantic",7.4,32
2022,"Duke","ACC","Coastal",7,33
2022,"Arkansas","SEC","West",6.5,34
2022,"Florida","SEC","East",6.4,35
2022,"South Carolina","SEC","East",6.3,36
2022,"Pittsburgh","ACC","Coastal",6.3,36
2022,"Maryland","Big Ten","East",6.2,38
2022,"Cincinnati","American Athletic",NA,5.7,39
2022,"Oklahoma St.","Big 12",NA,5.7,39
2022,"Kentucky","SEC","East",5.5,41
2022,"NC St.","ACC","Atlantic",5.5,41
2022,"Memphis","American Athletic",NA,5.4,43
2022,"Wisconsin","Big Ten","West",5.4,43
2022,"Purdue","Big Ten","West",5.1,45
2022,"James Madison","Sun Belt","East",5,46
2022,"Washington St.","Pac-12",NA,4.7,47
2022,"UCF","American Athletic",NA,4.7,47
2022,"Syracuse","ACC","Atlantic",4.5,49
2022,"Air Force","Mountain West","Mountain",4.2,50
2022,"North Carolina","ACC","Coastal",4.2,50
2022,"Missouri","SEC","East",4.2,50
2022,"West Virginia","Big 12",NA,3.9,53
2022,"East Carolina","American Athletic",NA,3.8,54
2022,"Texas A&M","SEC","West",3.3,55
2022,"Auburn","SEC","West",3.1,56
2022,"Houston","American Athletic",NA,2.8,57
2022,"UTSA","Conference USA",NA,2.7,58
2022,"Fresno St.","Mountain West","West",2.4,59
2022,"Troy","Sun Belt","West",2.4,59
2022,"SMU","American Athletic",NA,1.9,61
2022,"Michigan St.","Big Ten","East",1.1,62
2022,"South Alabama","Sun Belt","West",1.1,62
2022,"South Dakota St.","MVFC",NA,1.1,62
2022,"Boise St.","Mountain West","Mountain",1,65
2022,"Marshall","Sun Belt","East",0.6,66
2022,"Western Kentucky","Conference USA",NA,-0.1,67
2022,"BYU","FBS Independents",NA,-0.3,68
2022,"App St.","Sun Belt","East",-0.8,69
2022,"UAB","Conference USA",NA,-1.1,70
2022,"California","Pac-12",NA,-1.3,71
2022,"Louisiana","Sun Belt","West",-1.7,72
2022,"Nebraska","Big Ten","West",-1.8,73
2022,"Navy","American Athletic",NA,-1.9,74
2022,"Arizona","Pac-12",NA,-2,75
2022,"Vanderbilt","SEC","East",-2.4,76
2022,"Sacramento St.","Big Sky",NA,-3,77
2022,"Toledo","Mid-American","West",-3.4,78
2022,"Indiana","Big Ten","East",-3.5,79
2022,"Liberty","FBS Independents",NA,-3.5,79
2022,"Ohio","Mid-American","East",-3.6,81
2022,"Army","FBS Independents",NA,-3.8,82
2022,"Arizona St.","Pac-12",NA,-3.9,83
2022,"North Texas","Conference USA",NA,-4.6,84
2022,"Miami (FL)","ACC","Coastal",-4.6,84
2022,"Tulsa","American Athletic",NA,-4.7,86
2022,"Georgia Southern","Sun Belt","East",-4.8,87
2022,"Stanford","Pac-12",NA,-5.1,88
2022,"Georgia St.","Sun Belt","East",-5.2,89
2022,"Southern Miss","Sun Belt","West",-5.2,89
2022,"Weber St.","Big Sky",NA,-5.5,91
2022,"Florida Atlantic","Conference USA",NA,-5.9,92
2022,"Georgia Tech","ACC","Coastal",-6,93
2022,"Virginia","ACC","Coastal",-6,93
2022,"North Dakota St.","MVFC",NA,-6.1,95
2022,"Kent St.","Mid-American","East",-6.4,96
2022,"Coastal Carolina","Sun Belt","East",-6.4,96
2022,"San Jose St.","Mountain West","West",-6.5,98
2022,"San Diego St.","Mountain West","West",-6.9,99
2022,"UC Davis","Big Sky",NA,-7.1,100
2022,"Northwestern","Big Ten","West",-7.2,101
2022,"Buffalo","Mid-American","East",-7.3,102
2022,"Rutgers","Big Ten","East",-7.3,102
2022,"Incarnate Word","Southland",NA,-7.4,104
2022,"Middle Tennessee","Conference USA",NA,-7.7,105
2022,"Montana St.","Big Sky",NA,-7.8,106
2022,"Virginia Tech","ACC","Coastal",-8.7,107
2022,"Eastern Michigan","Mid-American","West",-9.2,108
2022,"Idaho","Big Sky",NA,-9.5,109
2022,"Old Dominion","Sun Belt","East",-9.6,110
2022,"Wyoming","Mountain West","Mountain",-10,111
2022,"UNLV","Mountain West","West",-10,111
2022,"Boston College","ACC","Atlantic",-10.2,113
2022,"Temple","American Athletic",NA,-10.2,113
2022,"William & Mary","CAA",NA,-11,115
2022,"UConn","FBS Independents",NA,-11.2,116
2022,"UTEP","Conference USA",NA,-11.3,117
2022,"Arkansas St.","Sun Belt","West",-11.4,118
2022,"Furman","Southern",NA,-11.5,119
2022,"New Mexico St.","FBS Independents",NA,-11.6,120
2022,"Ball St.","Mid-American","West",-11.6,120
2022,"Jackson St.","SWAC","East",-11.7,122
2022,"Montana","Big Sky",NA,-11.8,123
2022,"Northern Iowa","MVFC",NA,-11.9,124
2022,"South Florida","American Athletic",NA,-12,125
2022,"Utah St.","Mountain West","Mountain",-12.1,126
2022,"Rice","Conference USA",NA,-12.1,126
2022,"UL Monroe","Sun Belt","West",-12.2,128
2022,"Central Michigan","Mid-American","West",-12.2,128
2022,"Miami (OH)","Mid-American","East",-12.2,128
2022,"Delaware","CAA",NA,-12.3,131
2022,"Texas St.","Sun Belt","West",-12.8,132
2022,"Samford","Southern",NA,-13.1,133
2022,"Mercer","Southern",NA,-13.2,134
2022,"Holy Cross","Patriot",NA,-13.5,135
2022,"Western Michigan","Mid-American","West",-13.6,136
2022,"Akron","Mid-American","East",-13.8,137
2022,"Richmond","CAA",NA,-13.9,138
2022,"Southern Illinois","MVFC",NA,-14.1,139
2022,"Jacksonville St.","Atlantic Sun",NA,-14.2,140
2022,"Louisiana Tech","Conference USA",NA,-14.3,141
2022,"Bowling Green","Mid-American","East",-14.3,141
2022,"Chattanooga","Southern",NA,-14.7,143
2022,"Southeast Missouri St.","OVC",NA,-14.7,143
2022,"Colorado","Pac-12",NA,-14.7,143
2022,"Elon","CAA",NA,-14.9,146
2022,"North Dakota","MVFC",NA,-15,147
2022,"Northern Illinois","Mid-American","West",-15,147
2022,"Abilene Christian","Western Athletic",NA,-16.6,149
2022,"Colorado St.","Mountain West","Mountain",-17.1,150
2022,"Nevada","Mountain West","West",-17.1,150
2022,"Gardner-Webb","Big South",NA,-17.7,152
2022,"SE Louisiana","Southland",NA,-17.9,153
2022,"Missouri St.","MVFC",NA,-18,154
2022,"Princeton","Ivy",NA,-18,154
2022,"Youngstown St.","MVFC",NA,-18.2,156
2022,"Rhode Island","CAA",NA,-18.3,157
2022,"Hawai'i","Mountain West","West",-18.4,158
2022,"Charlotte","Conference USA",NA,-18.8,159
2022,"New Mexico","Mountain West","Mountain",-19.1,160
2022,"Yale","Ivy",NA,-19.6,161
2022,"North Carolina Central","MEAC",NA,-19.7,162
2022,"Fordham","Patriot",NA,-20,163
2022,"UT Martin","OVC",NA,-20.9,164
2022,"St. Francis (PA)","NEC",NA,-21,165
2022,"Eastern Kentucky","Atlantic Sun",NA,-21,165
2022,"Southern Utah","Western Athletic",NA,-21.1,167
2022,"Austin Peay","Atlantic Sun",NA,-21.3,168
2022,"Campbell","Big South",NA,-21.3,168
2022,"New Hampshire","CAA",NA,-21.8,170
2022,"Central Arkansas","Atlantic Sun",NA,-22.3,171
2022,"Illinois St.","MVFC",NA,-22.6,172
2022,"Florida International","Conference USA",NA,-22.8,173
2022,"South Dakota","MVFC",NA,-23.3,174
2022,"Sam Houston","Western Athletic",NA,-23.7,175
2022,"Massachusetts","FBS Independents",NA,-23.8,176
2022,"Harvard","Ivy",NA,-23.9,177
2022,"Pennsylvania","Ivy",NA,-24.3,178
2022,"Utah Tech","Western Athletic",NA,-25.4,179
2022,"Northern Arizona","Big Sky",NA,-25.5,180
2022,"North Carolina A&T","Big South",NA,-26,181
2022,"Stephen F. Austin","Western Athletic",NA,-26.2,182
2022,"Florida A&M","SWAC","East",-26.5,183
2022,"Western Carolina","Southern",NA,-26.8,184
2022,"Villanova","CAA",NA,-27,185
2022,"Tarleton St.","Western Athletic",NA,-27.1,186
2022,"Monmouth","CAA",NA,-27.5,187
2022,"East Tennessee St.","Southern",NA,-27.8,188
2022,"Bryant","Big South",NA,-28.2,189
2022,"Southern","SWAC","West",-28.3,190
2022,"Eastern Washington","Big Sky",NA,-28.3,190
2022,"Portland St.","Big Sky",NA,-28.5,192
2022,"St. Thomas (MN)","Pioneer",NA,-29.4,193
2022,"Kennesaw St.","Atlantic Sun",NA,-29.5,194
2022,"Indiana St.","MVFC",NA,-29.5,194
2022,"Texas Southern","SWAC","West",-29.6,196
2022,"Columbia","Ivy",NA,-29.6,196
2022,"Dartmouth","Ivy",NA,-29.7,198
2022,"UAlbany","CAA",NA,-29.9,199
2022,"Prairie View A&M","SWAC","West",-30,200
2022,"Towson","CAA",NA,-30.3,201
2022,"Howard","MEAC",NA,-30.4,202
2022,"Wofford","Southern",NA,-31.3,203
2022,"East Texas A&M","Southland",NA,-31.5,204
2022,"Tennessee Tech","OVC",NA,-31.6,205
2022,"Tennessee St.","OVC",NA,-31.9,206
2022,"Alabama St.","SWAC","East",-32.1,207
2022,"The Citadel","Southern",NA,-32.2,208
2022,"Merrimack","NEC",NA,-32.3,209
2022,"Maine","CAA",NA,-33.2,210
2022,"Lindenwood","OVC",NA,-33.4,211
2022,"Duquesne","NEC",NA,-33.4,211
2022,"Alcorn St.","SWAC","West",-33.6,213
2022,"Cal Poly","Big Sky",NA,-33.7,214
2022,"Charleston Southern","Big South",NA,-33.8,215
2022,"Northern Colorado","Big Sky",NA,-34.6,216
2022,"Davidson","Pioneer",NA,-34.6,216
2022,"Butler","Pioneer",NA,-34.6,216
2022,"Western Illinois","MVFC",NA,-34.7,219
2022,"Colgate","Patriot",NA,-35.2,220
2022,"Hampton","CAA",NA,-35.4,221
2022,"Lafayette","Patriot",NA,-35.6,222
2022,"Eastern Illinois","OVC",NA,-36,223
2022,"Idaho St.","Big Sky",NA,-36.4,224
2022,"Cornell","Ivy",NA,-36.4,224
2022,"San Diego","Pioneer",NA,-36.7,226
2022,"Brown","Ivy",NA,-36.8,227
2022,"Northwestern St.","Southland",NA,-36.8,227
2022,"North Alabama","Atlantic Sun",NA,-36.8,227
2022,"McNeese","Southland",NA,-37.5,230
2022,"Morgan St.","MEAC",NA,-38.2,231
2022,"Alabama A&M","SWAC","East",-38.2,231
2022,"Nicholls","Southland",NA,-38.4,233
2022,"Sacred Heart","NEC",NA,-38.4,233
2022,"South Carolina St.","MEAC",NA,-38.6,235
2022,"Stony Brook","CAA",NA,-38.7,236
2022,"Grambling","SWAC","West",-39.2,237
2022,"Dayton","Pioneer",NA,-39.5,238
2022,"Lamar","Southland",NA,-39.8,239
2022,"VMI","Southern",NA,-39.8,239
2022,"Lehigh","Patriot",NA,-40.2,241
2022,"Stonehill","NEC",NA,-40.4,242
2022,"Long Island University","NEC",NA,-40.8,243
2022,"Central Connecticut","NEC",NA,-41,244
2022,"Murray St.","OVC",NA,-41.6,245
2022,"Drake","Pioneer",NA,-41.7,246
2022,"Delaware St.","MEAC",NA,-41.8,247
2022,"Georgetown","Patriot",NA,-42,248
2022,"Bucknell","Patriot",NA,-42.1,249
2022,"Mississippi Valley St.","SWAC","East",-43,250
2022,"Bethune-Cookman","SWAC","East",-44.1,251
2022,"Houston Christian","Southland",NA,-44.5,252
2022,"Valparaiso","Pioneer",NA,-44.6,253
2022,"Stetson","Pioneer",NA,-45.5,254
2022,"Robert Morris","Big South",NA,-46.6,255
2022,"Arkansas-Pine Bluff","SWAC","West",-47,256
2022,"Norfolk St.","MEAC",NA,-47.8,257
2022,"Marist","Pioneer",NA,-49,258
2022,"Morehead St.","Pioneer",NA,-50.5,259
2022,"Wagner","NEC",NA,-53.1,260
2022,"Presbyterian","Pioneer",NA,-60.9,261
2023,"Michigan","Big Ten","East",25.9,1
2023,"Ohio St.","Big Ten","East",23.4,2
2023,"Penn St.","Big Ten","East",22.8,3
2023,"Oregon","Pac-12",NA,22.3,4
2023,"Texas","Big 12",NA,22,5
2023,"Georgia","SEC","East",20.7,6
2023,"Florida St.","ACC","Atlantic",19.6,7
2023,"Alabama","SEC","West",19.6,7
2023,"Kansas St.","Big 12",NA,19.6,7
2023,"Oklahoma","Big 12",NA,19.1,10
2023,"Notre Dame","FBS Independents",NA,18.3,11
2023,"LSU","SEC","West",17.1,12
2023,"Washington","Pac-12",NA,16.5,13
2023,"Oregon St.","Pac-12",NA,15.3,14
2023,"Missouri","SEC","East",14.7,15
2023,"Ole Miss","SEC","West",14,16
2023,"Arizona","Pac-12",NA,13.3,17
2023,"Louisville","ACC","Atlantic",12.6,18
2023,"Texas A&M","SEC","West",11.5,19
2023,"Kansas","Big 12",NA,11,20
2023,"Clemson","ACC","Atlantic",10.8,21
2023,"Duke","ACC","Coastal",9.8,22
2023,"Tennessee","SEC","East",9.1,23
2023,"Iowa St.","Big 12",NA,9,24
2023,"USC","Pac-12",NA,9,24
2023,"SMU","American Athletic",NA,8.9,26
2023,"Miami (FL)","ACC","Coastal",8.8,27
2023,"North Carolina","ACC","Coastal",8.8,27
2023,"Troy","Sun Belt","West",8.7,29
2023,"TCU","Big 12",NA,8.6,30
2023,"Maryland","Big Ten","East",8.4,31
2023,"South Dakota St.","MVFC",NA,8.2,32
2023,"Utah","Pac-12",NA,8.1,33
2023,"James Madison","Sun Belt","East",8,34
2023,"UCLA","Pac-12",NA,7.7,35
2023,"Texas Tech","Big 12",NA,7.3,36
2023,"Liberty","Conference USA",NA,7.3,36
2023,"NC St.","ACC","Atlantic",7,38
2023,"UCF","Big 12",NA,6.9,39
2023,"West Virginia","Big 12",NA,6.5,40
2023,"Boise St.","Mountain West","Mountain",6.4,41
2023,"Washington St.","Pac-12",NA,6.2,42
2023,"Oklahoma St.","Big 12",NA,6.1,43
2023,"Iowa","Big Ten","West",5.7,44
2023,"Kentucky","SEC","East",5.3,45
2023,"Auburn","SEC","West",5.3,45
2023,"California","Pac-12",NA,4.3,47
2023,"Wisconsin","Big Ten","West",4,48
2023,"Virginia Tech","ACC","Coastal",3.9,49
2023,"Rutgers","Big Ten","East",3.1,50
2023,"Florida","SEC","East",3,51
2023,"San Jose St.","Mountain West","West",2.8,52
2023,"South Carolina","SEC","East",2.7,53
2023,"Georgia Tech","ACC","Coastal",2.1,54
2023,"Tulane","American Athletic",NA,2,55
2023,"Memphis","American Athletic",NA,1.8,56
2023,"Nebraska","Big Ten","West",1.3,57
2023,"Air Force","Mountain West","Mountain",1.1,58
2023,"Arkansas","SEC","West",1.1,58
2023,"UNLV","Mountain West","West",0.9,60
2023,"Toledo","Mid-American","West",0.8,61
2023,"App St.","Sun Belt","East",0.8,61
2023,"Colorado","Pac-12",NA,0.8,61
2023,"UTSA","American Athletic",NA,0.4,64
2023,"Northwestern","Big Ten","West",-0.3,65
2023,"Syracuse","ACC","Atlantic",-0.4,66
2023,"BYU","Big 12",NA,-0.8,67
2023,"South Alabama","Sun Belt","West",-0.8,67
2023,"Coastal Carolina","Sun Belt","East",-0.9,69
2023,"Jacksonville St.","Conference USA",NA,-1.2,70
2023,"North Dakota St.","MVFC",NA,-1.2,70
2023,"Miami (OH)","Mid-American","East",-1.2,70
2023,"Wyoming","Mountain West","Mountain",-1.3,73
2023,"Mississippi St.","SEC","West",-1.7,74
2023,"Purdue","Big Ten","West",-1.9,75
2023,"Minnesota","Big Ten","West",-2.3,76
2023,"Illinois","Big Ten","West",-2.3,76
2023,"Western Kentucky","Conference USA",NA,-2.8,78
2023,"New Mexico St.","Conference USA",NA,-3,79
2023,"Michigan St.","Big Ten","East",-3.2,80
2023,"Fresno St.","Mountain West","West",-3.2,80
2023,"Pittsburgh","ACC","Coastal",-3.3,82
2023,"Houston","Big 12",NA,-3.3,82
2023,"Indiana","Big Ten","East",-3.5,84
2023,"Cincinnati","Big 12",NA,-3.7,85
2023,"Bowling Green","Mid-American","East",-3.8,86
2023,"Wake Forest","ACC","Atlantic",-4.1,87
2023,"Montana","Big Sky",NA,-4.1,87
2023,"Montana St.","Big Sky",NA,-4.3,89
2023,"Rice","American Athletic",NA,-4.3,89
2023,"Virginia","ACC","Coastal",-4.4,91
2023,"Arizona St.","Pac-12",NA,-4.5,92
2023,"Utah St.","Mountain West","Mountain",-4.6,93
2023,"Boston College","ACC","Atlantic",-4.8,94
2023,"Texas St.","Sun Belt","West",-4.9,95
2023,"Army","FBS Independents",NA,-5.3,96
2023,"Stanford","Pac-12",NA,-5.5,97
2023,"Ohio","Mid-American","East",-5.8,98
2023,"Louisiana","Sun Belt","West",-5.9,99
2023,"Villanova","CAA",NA,-6,100
2023,"Arkansas St.","Sun Belt","West",-6.4,101
2023,"Baylor","Big 12",NA,-6.9,102
2023,"Idaho","Big Sky",NA,-7.4,103
2023,"Marshall","Sun Belt","East",-7.5,104
2023,"Georgia St.","Sun Belt","East",-7.7,105
2023,"Middle Tennessee","Conference USA",NA,-8.1,106
2023,"UAlbany","CAA",NA,-8.2,107
2023,"Georgia Southern","Sun Belt","East",-8.6,108
2023,"Old Dominion","Sun Belt","East",-8.7,109
2023,"Colorado St.","Mountain West","Mountain",-8.8,110
2023,"Northern Illinois","Mid-American","West",-8.8,110
2023,"East Carolina","American Athletic",NA,-9.2,112
2023,"Southern Illinois","MVFC",NA,-9.3,113
2023,"South Dakota","MVFC",NA,-9.6,114
2023,"North Texas","American Athletic",NA,-9.6,114
2023,"San Diego St.","Mountain West","West",-9.8,116
2023,"Florida Atlantic","American Athletic",NA,-9.8,116
2023,"Holy Cross","Patriot",NA,-10.4,118
2023,"South Florida","American Athletic",NA,-10.5,119
2023,"Youngstown St.","MVFC",NA,-10.6,120
2023,"Vanderbilt","SEC","East",-11,121
2023,"New Mexico","Mountain West","Mountain",-11.1,122
2023,"Navy","American Athletic",NA,-11.4,123
2023,"Southern Utah","UAC",NA,-11.8,124
2023,"Hawai'i","Mountain West","West",-12.7,125
2023,"Tulsa","American Athletic",NA,-12.7,125
2023,"Ball St.","Mid-American","West",-12.8,127
2023,"Harvard","Ivy",NA,-12.9,128
2023,"North Dakota","MVFC",NA,-13,129
2023,"Southern Miss","Sun Belt","West",-13.1,130
2023,"Illinois St.","MVFC",NA,-13.1,130
2023,"Central Arkansas","UAC",NA,-13.1,130
2023,"Sam Houston","Conference USA",NA,-13.3,133
2023,"UConn","FBS Independents",NA,-13.5,134
2023,"UTEP","Conference USA",NA,-13.7,135
2023,"UAB","American Athletic",NA,-14.3,136
2023,"Austin Peay","UAC",NA,-14.4,137
2023,"Louisiana Tech","Conference USA",NA,-14.4,137
2023,"Sacramento St.","Big Sky",NA,-14.5,139
2023,"Western Michigan","Mid-American","West",-14.6,140
2023,"Tarleton St.","UAC",NA,-14.9,141
2023,"Northern Iowa","MVFC",NA,-14.9,141
2023,"New Hampshire","CAA",NA,-15,143
2023,"Massachusetts","FBS Independents",NA,-15.2,144
2023,"Buffalo","Mid-American","East",-15.3,145
2023,"Central Michigan","Mid-American","West",-15.5,146
2023,"Missouri St.","MVFC",NA,-15.8,147
2023,"Yale","Ivy",NA,-15.8,147
2023,"Lafayette","Patriot",NA,-15.9,149
2023,"Furman","Southern",NA,-16,150
2023,"Delaware","CAA",NA,-16.8,151
2023,"Eastern Michigan","Mid-American","West",-16.9,152
2023,"Nevada","Mountain West","West",-17,153
2023,"UC Davis","Big Sky",NA,-17.1,154
2023,"UL Monroe","Sun Belt","West",-17.1,154
2023,"Charlotte","American Athletic",NA,-17.4,156
2023,"Northern Arizona","Big Sky",NA,-17.5,157
2023,"Weber St.","Big Sky",NA,-17.9,158
2023,"UT Martin","Big South-OVC",NA,-17.9,158
2023,"Florida A&M","SWAC","East",-18.3,160
2023,"Dartmouth","Ivy",NA,-18.8,161
2023,"Pennsylvania","Ivy",NA,-19.4,162
2023,"Florida International","Conference USA",NA,-19.4,162
2023,"Temple","American Athletic",NA,-19.6,164
2023,"Eastern Washington","Big Sky",NA,-19.6,164
2023,"Nicholls","Southland",NA,-20.4,166
2023,"Eastern Kentucky","UAC",NA,-20.4,166
2023,"Princeton","Ivy",NA,-20.5,168
2023,"Portland St.","Big Sky",NA,-20.6,169
2023,"Rhode Island","CAA",NA,-20.7,170
2023,"Monmouth","CAA",NA,-20.8,171
2023,"Abilene Christian","UAC",NA,-20.9,172
2023,"Chattanooga","Southern",NA,-20.9,172
2023,"Incarnate Word","Southland",NA,-21.4,174
2023,"William & Mary","CAA",NA,-21.6,175
2023,"Bryant","Big South-OVC",NA,-21.6,175
2023,"Akron","Mid-American","East",-21.8,177
2023,"Fordham","Patriot",NA,-21.8,177
2023,"Stephen F. Austin","UAC",NA,-22,179
2023,"Elon","CAA",NA,-22,179
2023,"Mercer","Southern",NA,-22.2,181
2023,"Southeast Missouri St.","Big South-OVC",NA,-22.8,182
2023,"Western Carolina","Southern",NA,-22.9,183
2023,"Richmond","CAA",NA,-23.2,184
2023,"Eastern Illinois","Big South-OVC",NA,-23.5,185
2023,"Gardner-Webb","Big South-OVC",NA,-24.1,186
2023,"Howard","MEAC",NA,-24.7,187
2023,"Samford","Southern",NA,-25.5,188
2023,"Towson","CAA",NA,-25.6,189
2023,"Utah Tech","UAC",NA,-26.4,190
2023,"Brown","Ivy",NA,-26.6,191
2023,"North Carolina Central","MEAC",NA,-26.8,192
2023,"Columbia","Ivy",NA,-26.9,193
2023,"Kent St.","Mid-American","East",-27,194
2023,"SE Louisiana","Southland",NA,-27.1,195
2023,"North Alabama","UAC",NA,-27.3,196
2023,"Idaho St.","Big Sky",NA,-27.6,197
2023,"Lamar","Southland",NA,-27.7,198
2023,"Colgate","Patriot",NA,-27.7,198
2023,"Cornell","Ivy",NA,-29.1,200
2023,"Butler","Pioneer",NA,-29.4,201
2023,"Drake","Pioneer",NA,-29.7,202
2023,"Campbell","CAA",NA,-29.7,202
2023,"Georgetown","Patriot",NA,-29.8,204
2023,"Morgan St.","MEAC",NA,-30.5,205
2023,"Bucknell","Patriot",NA,-30.5,205
2023,"Murray St.","MVFC",NA,-30.5,205
2023,"Kennesaw St.","FCS Independents",NA,-30.6,208
2023,"Maine","CAA",NA,-31,209
2023,"Indiana St.","MVFC",NA,-31.9,210
2023,"Houston Christian","Southland",NA,-31.9,210
2023,"Jackson St.","SWAC","East",-32.3,212
2023,"Merrimack","NEC",NA,-32.4,213
2023,"Alabama St.","SWAC","East",-32.5,214
2023,"Duquesne","NEC",NA,-32.7,215
2023,"Lehigh","Patriot",NA,-33.1,216
2023,"St. Thomas (MN)","Pioneer",NA,-33.2,217
2023,"St. Francis (PA)","NEC",NA,-33.5,218
2023,"Northern Colorado","Big Sky",NA,-34.1,219
2023,"Tennessee St.","Big South-OVC",NA,-34.5,220
2023,"Tennessee Tech","Big South-OVC",NA,-34.5,220
2023,"VMI","Southern",NA,-34.5,220
2023,"Davidson","Pioneer",NA,-35.4,223
2023,"Long Island University","NEC",NA,-35.5,224
2023,"Hampton","CAA",NA,-35.5,224
2023,"South Carolina St.","MEAC",NA,-35.8,226
2023,"Alcorn St.","SWAC","West",-35.9,227
2023,"Norfolk St.","MEAC",NA,-36.1,228
2023,"Charleston Southern","Big South-OVC",NA,-36.3,229
2023,"East Texas A&M","Southland",NA,-36.4,230
2023,"Morehead St.","Pioneer",NA,-36.5,231
2023,"Robert Morris","Big South-OVC",NA,-37,232
2023,"Southern","SWAC","West",-37.3,233
2023,"Grambling","SWAC","West",-37.3,233
2023,"Northwestern St.","Southland",NA,-37.4,235
2023,"Cal Poly","Big Sky",NA,-37.6,236
2023,"North Carolina A&T","CAA",NA,-37.6,236
2023,"Stonehill","NEC",NA,-37.9,238
2023,"East Tennessee St.","Southern",NA,-38,239
2023,"Bethune-Cookman","SWAC","East",-38.2,240
2023,"Wofford","Southern",NA,-38.3,241
2023,"Western Illinois","MVFC",NA,-38.8,242
2023,"Prairie View A&M","SWAC","West",-38.9,243
2023,"Stony Brook","CAA",NA,-39.2,244
2023,"San Diego","Pioneer",NA,-39.8,245
2023,"Texas Southern","SWAC","West",-40.4,246
2023,"Lindenwood","Big South-OVC",NA,-40.7,247
2023,"McNeese","Southland",NA,-41.4,248
2023,"Sacred Heart","NEC",NA,-41.6,249
2023,"Alabama A&M","SWAC","East",-41.9,250
2023,"Valparaiso","Pioneer",NA,-42,251
2023,"Dayton","Pioneer",NA,-42.7,252
2023,"Wagner","NEC",NA,-44.3,253
2023,"Central Connecticut","NEC",NA,-45.7,254
2023,"Presbyterian","Pioneer",NA,-46.1,255
2023,"The Citadel","Southern",NA,-47,256
2023,"Marist","Pioneer",NA,-47.3,257
2023,"Mississippi Valley St.","SWAC","East",-49.1,258
2023,"Stetson","Pioneer",NA,-50.1,259
2023,"Delaware St.","MEAC",NA,-50.2,260
2023,"Arkansas-Pine Bluff","SWAC","West",-55.8,261
2024,"Ohio St.","Big Ten",NA,24.6,1
2024,"Notre Dame","FBS Independents",NA,22,2
2024,"Texas","SEC",NA,19.4,3
2024,"Penn St.","Big Ten",NA,19.3,4
2024,"Ole Miss","SEC",NA,19.2,5
2024,"Alabama","SEC",NA,18.1,6
2024,"Indiana","Big Ten",NA,17.7,7
2024,"Oregon","Big Ten",NA,17.1,8
2024,"Georgia","SEC",NA,16.3,9
2024,"South Carolina","SEC",NA,15.8,10
2024,"SMU","ACC",NA,15.7,11
2024,"Miami (FL)","ACC",NA,15.5,12
2024,"Louisville","ACC",NA,15.4,13
2024,"BYU","Big 12",NA,14.8,14
2024,"Tennessee","SEC",NA,14.3,15
2024,"Arizona St.","Big 12",NA,13.4,16
2024,"LSU","SEC",NA,12.9,17
2024,"Colorado","Big 12",NA,12.7,18
2024,"Minnesota","Big Ten",NA,12.6,19
2024,"Iowa","Big Ten",NA,12.4,20
2024,"Texas A&M","SEC",NA,12.2,21
2024,"USC","Big Ten",NA,12.1,22
2024,"Clemson","ACC",NA,11.9,23
2024,"Kansas St.","Big 12",NA,11.8,24
2024,"Florida","SEC",NA,11.7,25
2024,"Baylor","Big 12",NA,11.5,26
2024,"Iowa St.","Big 12",NA,11.2,27
2024,"Kansas","Big 12",NA,10.8,28
2024,"Virginia Tech","ACC",NA,10.4,29
2024,"Boise St.","Mountain West",NA,9.9,30
2024,"TCU","Big 12",NA,9.2,31
2024,"Michigan","Big Ten",NA,8.9,32
2024,"Missouri","SEC",NA,8.9,32
2024,"Illinois","Big Ten",NA,8.8,34
2024,"Nebraska","Big Ten",NA,8.5,35
2024,"Tulane","American Athletic",NA,7.4,36
2024,"Vanderbilt","SEC",NA,7.4,36
2024,"UNLV","Mountain West",NA,7.2,38
2024,"Oklahoma","SEC",NA,7,39
2024,"Army","American Athletic",NA,6.6,40
2024,"Auburn","SEC",NA,6.3,41
2024,"UCF","Big 12",NA,6.2,42
2024,"Utah","Big 12",NA,6.1,43
2024,"Arkansas","SEC",NA,6.1,43
2024,"Boston College","ACC",NA,6.1,43
2024,"Syracuse","ACC",NA,6,46
2024,"Navy","American Athletic",NA,5.7,47
2024,"Georgia Tech","ACC",NA,5.5,48
2024,"Rutgers","Big Ten",NA,5.1,49
2024,"Washington","Big Ten",NA,4.8,50
2024,"Pittsburgh","ACC",NA,4.5,51
2024,"Cincinnati","Big 12",NA,4.4,52
2024,"Wisconsin","Big Ten",NA,4,53
2024,"Texas Tech","Big 12",NA,3.9,54
2024,"Marshall","Sun Belt","East",3.5,55
2024,"Memphis","American Athletic",NA,3.2,56
2024,"Kentucky","SEC",NA,3,57
2024,"UCLA","Big Ten",NA,2.1,58
2024,"California","ACC",NA,1.8,59
2024,"Ohio","Mid-American",NA,1.7,60
2024,"Duke","ACC",NA,1.6,61
2024,"James Madison","Sun Belt","East",1.3,62
2024,"West Virginia","Big 12",NA,1.2,63
2024,"Texas St.","Sun Belt","West",0.9,64
2024,"North Carolina","ACC",NA,0.7,65
2024,"South Dakota St.","MVFC",NA,0.7,65
2024,"North Dakota St.","MVFC",NA,-0.1,67
2024,"Miami (OH)","Mid-American",NA,-0.1,67
2024,"Montana St.","Big Sky",NA,-0.2,69
2024,"Washington St.","Pac-12",NA,-0.3,70
2024,"UConn","FBS Independents",NA,-1.1,71
2024,"Northern Illinois","Mid-American",NA,-1.1,71
2024,"Old Dominion","Sun Belt","East",-1.6,73
2024,"Mississippi St.","SEC",NA,-1.6,73
2024,"Louisiana","Sun Belt","West",-1.7,75
2024,"South Alabama","Sun Belt","West",-1.7,75
2024,"Oklahoma St.","Big 12",NA,-1.8,77
2024,"Bowling Green","Mid-American",NA,-1.9,78
2024,"Virginia","ACC",NA,-1.9,78
2024,"Houston","Big 12",NA,-2,80
2024,"Maryland","Big Ten",NA,-2,80
2024,"Toledo","Mid-American",NA,-2,80
2024,"NC St.","ACC",NA,-2.1,83
2024,"Georgia Southern","Sun Belt","East",-2.5,84
2024,"Michigan St.","Big Ten",NA,-2.8,85
2024,"Jacksonville St.","Conference USA",NA,-2.8,85
2024,"Northwestern","Big Ten",NA,-3.3,87
2024,"UTSA","American Athletic",NA,-3.6,88
2024,"Arizona","Big 12",NA,-3.9,89
2024,"South Florida","American Athletic",NA,-4.5,90
2024,"East Carolina","American Athletic",NA,-5.3,91
2024,"Western Kentucky","Conference USA",NA,-5.4,92
2024,"North Texas","American Athletic",NA,-5.5,93
2024,"Stanford","ACC",NA,-5.7,94
2024,"Fresno St.","Mountain West",NA,-6,95
2024,"Buffalo","Mid-American",NA,-6.1,96
2024,"Sam Houston","Conference USA",NA,-6.2,97
2024,"Wake Forest","ACC",NA,-6.2,97
2024,"Florida St.","ACC",NA,-6.7,99
2024,"San Jose St.","Mountain West",NA,-7.1,100
2024,"App St.","Sun Belt","East",-7.6,101
2024,"Western Michigan","Mid-American",NA,-7.6,101
2024,"South Dakota","MVFC",NA,-7.7,103
2024,"Purdue","Big Ten",NA,-8,104
2024,"Colorado St.","Mountain West",NA,-8.2,105
2024,"Rice","American Athletic",NA,-8.6,106
2024,"Oregon St.","Pac-12",NA,-9.2,107
2024,"Nevada","Mountain West",NA,-9.2,107
2024,"Coastal Carolina","Sun Belt","East",-9.2,107
2024,"Troy","Sun Belt","West",-9.6,110
2024,"Troy",NA,NA,-9.6,110
2024,"UL Monroe","Sun Belt","West",-9.8,112
2024,"Liberty","Conference USA",NA,-9.9,113
2024,"Air Force","Mountain West",NA,-11.5,114
2024,"Arkansas St.","Sun Belt","West",-11.5,114
2024,"UAB","American Athletic",NA,-11.6,116
2024,"Florida International","Conference USA",NA,-11.6,116
2024,"Utah St.","Mountain West",NA,-11.7,118
2024,"UC Davis","Big Sky",NA,-11.8,119
2024,"Eastern Michigan","Mid-American",NA,-12.1,120
2024,"Wyoming","Mountain West",NA,-12.1,120
2024,"Charlotte","American Athletic",NA,-12.4,122
2024,"Charlotte",NA,NA,-12.4,122
2024,"New Mexico","Mountain West",NA,-12.4,122
2024,"Louisiana Tech","Conference USA",NA,-12.6,125
2024,"Idaho","Big Sky",NA,-12.8,126
2024,"Akron","Mid-American",NA,-12.9,127
2024,"Hawai'i","Mountain West",NA,-12.9,127
2024,"Georgia St.","Sun Belt","East",-12.9,127
2024,"Central Michigan","Mid-American",NA,-13.1,130
2024,"Ball St.","Mid-American",NA,-13.4,131
2024,"Incarnate Word","Southland",NA,-15,132
2024,"Missouri St.","MVFC",NA,-15.1,133
2024,"UT Martin","Big South-OVC",NA,-15.4,134
2024,"Florida Atlantic","American Athletic",NA,-15.4,134
2024,"Montana","Big Sky",NA,-16.5,136
2024,"San Diego St.","Mountain West",NA,-16.6,137
2024,"Temple","American Athletic",NA,-17,138
2024,"Massachusetts","FBS Independents",NA,-17.4,139
2024,"Jackson St.","SWAC","East",-17.5,140
2024,"Abilene Christian","UAC",NA,-17.9,141
2024,"Northern Arizona","Big Sky",NA,-18,142
2024,"Mercer","Southern",NA,-18.1,143
2024,"Tarleton St.","UAC",NA,-18.2,144
2024,"Stephen F. Austin","Southland",NA,-18.9,145
2024,"North Dakota","MVFC",NA,-19.3,146
2024,"Illinois St.","MVFC",NA,-19.4,147
2024,"Delaware","CAA",NA,-19.7,148
2024,"UTEP","Conference USA",NA,-20.2,149
2024,"Chattanooga","Southern",NA,-20.7,150
2024,"Eastern Washington","Big Sky",NA,-21,151
2024,"Richmond","CAA",NA,-21.1,152
2024,"Southeast Missouri St.","Big South-OVC",NA,-21.1,152
2024,"Villanova","CAA",NA,-21.1,152
2024,"Southern Utah","UAC",NA,-21.5,155
2024,"South Carolina St.","MEAC",NA,-21.8,156
2024,"Tennessee Tech","Big South-OVC",NA,-22,157
2024,"New Mexico St.","Conference USA",NA,-22.1,158
2024,"East Tennessee St.","Southern",NA,-22.4,159
2024,"Monmouth","CAA",NA,-22.4,159
2024,"Western Carolina","Southern",NA,-22.4,159
2024,"Towson","CAA",NA,-22.7,162
2024,"Harvard","Ivy",NA,-22.7,162
2024,"Lehigh","Patriot",NA,-22.9,164
2024,"North Carolina Central","MEAC",NA,-23,165
2024,"Middle Tennessee","Conference USA",NA,-23.2,166
2024,"Kennesaw St.","Conference USA",NA,-23.3,167
2024,"Central Arkansas","UAC",NA,-23.4,168
2024,"Yale","Ivy",NA,-23.5,169
2024,"Tulsa","American Athletic",NA,-23.8,170
2024,"Southern Miss","Sun Belt","West",-23.9,171
2024,"Portland St.","Big Sky",NA,-23.9,171
2024,"Rhode Island","CAA",NA,-24,173
2024,"Stony Brook","CAA",NA,-24,173
2024,"Tennessee St.","Big South-OVC",NA,-24.3,175
2024,"Holy Cross","Patriot",NA,-24.6,176
2024,"Weber St.","Big Sky",NA,-24.7,177
2024,"Sacramento St.","Big Sky",NA,-24.7,177
2024,"McNeese","Southland",NA,-24.7,177
2024,"SE Louisiana","Southland",NA,-24.9,180
2024,"New Hampshire","CAA",NA,-25,181
2024,"Eastern Kentucky","UAC",NA,-25.1,182
2024,"Dartmouth","Ivy",NA,-25.1,182
2024,"Southern Illinois","MVFC",NA,-26,184
2024,"Duquesne","NEC",NA,-26.2,185
2024,"Elon","CAA",NA,-26.2,185
2024,"Kent St.","Mid-American",NA,-26.8,187
2024,"William & Mary","CAA",NA,-27.1,188
2024,"Lamar","Southland",NA,-27.3,189
2024,"Samford","Southern",NA,-27.4,190
2024,"Columbia","Ivy",NA,-27.8,191
2024,"Youngstown St.","MVFC",NA,-28,192
2024,"Idaho St.","Big Sky",NA,-28.1,193
2024,"Gardner-Webb","Big South-OVC",NA,-28.3,194
2024,"North Alabama","UAC",NA,-28.5,195
2024,"Lindenwood","Big South-OVC",NA,-28.6,196
2024,"Maine","CAA",NA,-28.9,197
2024,"Nicholls","Southland",NA,-29,198
2024,"Hampton","CAA",NA,-29,198
2024,"Austin Peay","UAC",NA,-29.4,200
2024,"Pennsylvania","Ivy",NA,-29.6,201
2024,"Central Connecticut","NEC",NA,-29.9,202
2024,"Northern Iowa","MVFC",NA,-30.5,203
2024,"Merrimack","FCS Independents",NA,-30.5,203
2024,"Robert Morris","NEC",NA,-30.7,205
2024,"Cal Poly","Big Sky",NA,-31.7,206
2024,"The Citadel","Southern",NA,-31.7,206
2024,"Florida A&M","SWAC","East",-31.8,208
2024,"Wofford","Southern",NA,-31.9,209
2024,"West Georgia","UAC",NA,-32.1,210
2024,"Western Illinois","Big South-OVC",NA,-32.2,211
2024,"Alabama St.","SWAC","East",-32.6,212
2024,"Cornell","Ivy",NA,-32.7,213
2024,"Morgan St.","MEAC",NA,-32.7,213
2024,"UAlbany","CAA",NA,-32.9,215
2024,"Long Island University","NEC",NA,-33,216
2024,"Lafayette","Patriot",NA,-33.2,217
2024,"San Diego","Pioneer",NA,-33.6,218
2024,"Bucknell","Patriot",NA,-33.9,219
2024,"Houston Christian","Southland",NA,-33.9,219
2024,"Drake","Pioneer",NA,-34.3,221
2024,"Southern","SWAC","West",-34.9,222
2024,"Eastern Illinois","Big South-OVC",NA,-35,223
2024,"Grambling","SWAC","West",-35,223
2024,"Alabama A&M","SWAC","East",-35.1,225
2024,"Campbell","CAA",NA,-35.2,226
2024,"Indiana St.","MVFC",NA,-35.2,226
2024,"Butler","Pioneer",NA,-36.4,228
2024,"Utah Tech","UAC",NA,-36.7,229
2024,"Charleston Southern","Big South-OVC",NA,-36.7,229
2024,"Murray St.","MVFC",NA,-36.8,231
2024,"East Texas A&M","Southland",NA,-37.3,232
2024,"Princeton","Ivy",NA,-37.5,233
2024,"Alcorn St.","SWAC","West",-37.5,233
2024,"Fordham","Patriot",NA,-37.6,235
2024,"Furman","Southern",NA,-37.6,235
2024,"Northern Colorado","Big Sky",NA,-38.4,237
2024,"St. Francis (PA)","NEC",NA,-38.7,238
2024,"Brown","Ivy",NA,-38.8,239
2024,"Wagner","NEC",NA,-38.8,239
2024,"Norfolk St.","MEAC",NA,-39.1,241
2024,"Howard","MEAC",NA,-39.1,241
2024,"Colgate","Patriot",NA,-39.4,243
2024,"Sacred Heart","FCS Independents",NA,-40.4,244
2024,"Bryant","CAA",NA,-41,245
2024,"Prairie View A&M","SWAC","West",-41.2,246
2024,"Bethune-Cookman","SWAC","East",-41.2,246
2024,"St. Thomas (MN)","Pioneer",NA,-41.4,248
2024,"Texas Southern","SWAC","West",-41.6,249
2024,"Presbyterian","Pioneer",NA,-41.6,249
2024,"Mercyhurst","NEC",NA,-41.8,251
2024,"Georgetown","Patriot",NA,-42.6,252
2024,"North Carolina A&T","CAA",NA,-43.4,253
2024,"Dayton","Pioneer",NA,-44.6,254
2024,"Morehead St.","Pioneer",NA,-44.9,255
2024,"VMI","Southern",NA,-45,256
2024,"Davidson","Pioneer",NA,-45.1,257
2024,"Arkansas-Pine Bluff","SWAC","West",-47.2,258
2024,"Delaware St.","MEAC",NA,-47.9,259
2024,"Stonehill","NEC",NA,-50.1,260
2024,"Mississippi Valley St.","SWAC","East",-50.4,261
2024,"Northwestern St.","Southland",NA,-52.5,262
2024,"Valparaiso","Pioneer",NA,-55.6,263
2024,"Marist","Pioneer",NA,-58.9,264
2024,"Stetson","Pioneer",NA,-61.6,265
